<application>
  <component name="libraryTable">
    <library name="@types/chrome" type="javaScript">
      <CLASSES />
      <JAVADOC />
      <SOURCES />
    </library>
    <library name="Python 3.6 interpreter library">
      <CLASSES>
        <root url="file://D:/Applications/Python36/DLLs" />
        <root url="file://D:/Applications/Python36/Lib" />
        <root url="file://D:/Applications/Python36" />
        <root url="file://D:/Applications/Python36/Lib/site-packages" />
        <root url="file://$USER_HOME$/.IntelliJIdea2018.3/system/python_stubs/-367613603" />
        <root url="file://$APPLICATION_PLUGINS_DIR$/python/helpers/python-skeletons" />
        <root url="file://$APPLICATION_PLUGINS_DIR$/python/helpers/typeshed/stdlib/3" />
        <root url="file://$APPLICATION_PLUGINS_DIR$/python/helpers/typeshed/stdlib/2and3" />
        <root url="file://$APPLICATION_PLUGINS_DIR$/python/helpers/typeshed/third_party/3" />
        <root url="file://$APPLICATION_PLUGINS_DIR$/python/helpers/typeshed/third_party/2and3" />
      </CLASSES>
      <JAVADOC />
      <SOURCES>
        <root url="file://D:/Applications/Python36/DLLs" />
        <root url="file://D:/Applications/Python36/Lib" />
        <root url="file://D:/Applications/Python36" />
        <root url="file://D:/Applications/Python36/Lib/site-packages" />
        <root url="file://$USER_HOME$/.IntelliJIdea2018.3/system/python_stubs/-367613603" />
        <root url="file://$APPLICATION_PLUGINS_DIR$/python/helpers/python-skeletons" />
        <root url="file://$APPLICATION_PLUGINS_DIR$/python/helpers/typeshed/stdlib/3" />
        <root url="file://$APPLICATION_PLUGINS_DIR$/python/helpers/typeshed/stdlib/2and3" />
        <root url="file://$APPLICATION_PLUGINS_DIR$/python/helpers/typeshed/third_party/3" />
        <root url="file://$APPLICATION_PLUGINS_DIR$/python/helpers/typeshed/third_party/2and3" />
      </SOURCES>
    </library>
  </component>
</application>