<application>
  <component name="CppTools.Settings" gccPath="gcc" clangPath="clang" msvcdir="c:\Program Files\Microsoft Visual Studio .NET 2012\vc10" defines="WIN32;NDEBUG;_WINDOWS;_MBCS;_AFXDLL;_WIN32" mailServer="" mailUser="" launchGdbOnFailureCommand="$gdb$ --directory=&quot;c:/MingW/1.0/home/maxim/CF-C&quot;" gdbPath="gdb" />
  <component name="NodeJsLocalInterpreters">
    <local-interpreter path="/usr/bin/node">
      <version-cache last-modified="0" />
    </local-interpreter>
    <local-interpreter path="/usr/bin/nodejs">
      <version-cache last-modified="0" />
    </local-interpreter>
    <local-interpreter path="$USER_HOME$/.nvm/versions/node/v8.11.1/bin/node">
      <version-cache version="8.11.1" last-modified="1522363246000" />
    </local-interpreter>
  </component>
  <component name="PropertiesComponent">
    <property name="ColorChooser.RecentColors" value="0-226-255-255,,,0-255-252-255,,,166-226-46-255,,,253-151-31-255,,,111-181-255-255,,,147-180-255-255,,,115-200-255-255,,,0-147-255-255,,,71-209-255-255,,,79-255-223-255,,,153-248-255-255,,,0-7-255-255,,,0-125-255-255,,,0-168-255-255,,,0-213-255-255,,,63-120-217-255,,,72-157-217-255,,,58-179-240-255,,,255-255-255-255,,,59-58-50-255" />
    <property name="CommitChangeListDialog.DETAILS_SPLITTER_PROPORTION_2" value="0.73455054" />
    <property name="CommittedChanges.SplitterProportions.0" value="700" />
    <property name="CommittedChanges.SplitterProportions.1" value="500" />
    <property name="Copy.OpenInEditor" value="true" />
    <property name="ExpandBeforeRunStepsPanel" value="true" />
    <property name="ExpandRunDashboardTypesPanel" value="false" />
    <property name="FileTemplates.CurrentTab" value="Other" />
    <property name="FileTemplates.SelectedTemplate" value="HTML File" />
    <property name="InstalledPluginsSearchHistory" value="keymap&#10;liveedit" />
    <property name="KEYMAP" value="tab close&#10;close tab&#10;split&#10;switch" />
    <property name="LayoutCode.optimizeImports" value="false" />
    <property name="LayoutCode.processChangedText" value="false" />
    <property name="LayoutCode.rearrangeEntriesMarkdown" value="false" />
    <property name="PluginConfigurable.selectionTab" value="1" />
    <property name="SettingsSearchHistory" value="paste&#10;pars&#10;python&#10;trailing&#10;trail" />
    <property name="TrendingPluginsSearchHistory" value="translate" />
    <property name="cn.yiiguxing.plugin.translate.version" value="2.3.2" />
    <property name="defaultJdkConfigured" value="true" />
    <property name="evlsprt3.183" value="16" />
    <property name="file.chooser.recent.files" value="D:/code/python-shanbay&#10;D:/code/shanbay_check_card&#10;D:/Applications/v2ray-windows-64&#10;D:/code/autologin&#10;C:/Users/Voldikss/.vim/plugged/vim-mma&#10;D:/code/CS902-FINAL-project&#10;D:/code/wordplayer&#10;D:/code/ee369-2048-ai&#10;D:/code/2048-api&#10;D:/code/acg-videos-detector&#10;D:/code/dotfiles/intellij/Monokai.icls&#10;D:/code/HelloElectsys&#10;D:/CloudMusic&#10;D:/code&#10;D:/code/dotfiles/intellij/Gruvbox Light.icls&#10;D:/code/dotfiles/intellij/Gruvbox Dark Hard.icls&#10;D:/code/notebook&#10;D:/Desktop/ML/EE369" />
    <property name="file.gist.reindex.count" value="302" />
    <property name="fileTypeChangedCounter" value="1" />
    <property name="ideavim.statistics.timestamp" value="1551607727459" />
    <property name="installed.kotlin.plugin.version" value="1.3.11-release-IJ2018.3-1" />
    <property name="project.wizard.group" value="EMPTY_MODULE" />
    <property name="project.wizard.template" value="Empty Project" />
    <property name="selected.color.option.type" value="PY.FUNC_DEFINITION" />
    <property name="settings.code.style.selected.tab.ECMA Script Level 4" value="Punctuation" />
    <property name="settings.code.style.selected.tab.HTML" value="Other" />
    <property name="settings.code.style.selected.tab.JavaScript" value="Punctuation" />
    <property name="settings.code.style.selected.tab.Python" value="Tabs and Indents" />
    <property name="ts.lib.d.ts.version" value="3.2.1" />
  </component>
  <component name="PyTestFrameworkService">
    <option name="SDK_TO_PYTEST">
      <map>
        <entry key="/usr/bin/python3.6" value="false" />
        <entry key="E:\Applications\Python35\python.exe" value="false" />
      </map>
    </option>
  </component>
</application>