<application>
  <component name="VimSettings">
    <state version="4" enabled="true" />
    <globalmarks />
    <filemarks>
      <file name="$USER_HOME$/code/javal/week2/homework/src/Clock.java" timestamp="1536844877819">
        <mark key="'" line="1" column="12" />
        <mark key="[" line="30" column="0" />
        <mark key="]" line="30" column="0" />
        <mark key="." line="30" column="0" />
        <mark key="^" line="8" column="24" />
      </file>
      <file name="D:/Desktop/ML/ee369/online_train.py" timestamp="1547263622623">
        <mark key="'" line="22" column="0" />
        <mark key="[" line="25" column="0" />
        <mark key="]" line="26" column="74" />
        <mark key="^" line="8" column="66" />
        <mark key="." line="8" column="66" />
      </file>
      <file name="D:/code/CS902-FINAL-project/spider_of_data2.py" timestamp="1549448866166">
        <mark key="'" line="4" column="16" />
        <mark key="[" line="9" column="0" />
        <mark key="]" line="9" column="17" />
        <mark key="." line="9" column="0" />
        <mark key="^" line="29" column="5" />
      </file>
      <file name="D:/code/CS902-FINAL-project/class_operation.py" timestamp="1549687419490">
        <mark key="'" line="45" column="4" />
        <mark key="[" line="48" column="5" />
        <mark key="]" line="45" column="5" />
        <mark key="." line="48" column="5" />
        <mark key="^" line="45" column="5" />
      </file>
      <file name="D:/code/CS902-FINAL-project/class_DataSpider2.py" timestamp="1549695507910">
        <mark key="'" line="32" column="217" />
        <mark key="[" line="37" column="28" />
        <mark key="]" line="37" column="28" />
        <mark key="^" line="31" column="22" />
        <mark key="." line="37" column="28" />
      </file>
      <file name="$USER_HOME$/code/javal/src/VendingMachine.java" timestamp="1536566641561">
        <mark key="'" line="41" column="33" />
        <mark key="[" line="10" column="13" />
        <mark key="]" line="10" column="14" />
        <mark key="." line="10" column="14" />
        <mark key="^" line="10" column="14" />
      </file>
      <file name="$USER_HOME$/code/javal/week4/ext/src/DVD.java" timestamp="1536845943814">
        <mark key="'" line="16" column="35" />
        <mark key="[" line="16" column="39" />
        <mark key="]" line="16" column="40" />
        <mark key="." line="16" column="40" />
        <mark key="^" line="16" column="40" />
      </file>
      <file name="D:/code/HelloElectsys/popup/popup.css" timestamp="1551079033671">
        <mark key="'" line="94" column="7" />
        <mark key="[" line="28" column="14" />
        <mark key="]" line="28" column="15" />
        <mark key="." line="28" column="15" />
        <mark key="^" line="28" column="12" />
      </file>
      <file name="$USER_HOME$/code/BookBooks/app/__init__.py" timestamp="1536399255589">
        <mark key="'" line="14" column="21" />
        <mark key="[" line="3" column="25" />
        <mark key="]" line="3" column="24" />
        <mark key="." line="3" column="24" />
        <mark key="^" line="3" column="24" />
      </file>
      <file name="D:/code/wordplayer/tmp.py" timestamp="1549530894710">
        <mark key="[" line="2" column="20" />
        <mark key="]" line="4" column="6" />
        <mark key="." line="4" column="6" />
        <mark key="^" line="4" column="6" />
      </file>
      <file name="$USER_HOME$/code/WechatGameAutoPlayer/config.py" timestamp="1536590217330">
        <mark key="[" line="1" column="13" />
        <mark key="]" line="1" column="14" />
        <mark key="^" line="1" column="14" />
        <mark key="." line="1" column="14" />
      </file>
      <file name="D:/code/test/string.py" timestamp="1550116692531">
        <mark key="[" line="0" column="0" />
        <mark key="]" line="0" column="14" />
        <mark key="^" line="0" column="14" />
        <mark key="." line="0" column="14" />
      </file>
      <file name="D:/Desktop/ML/ee369/test.py" timestamp="1547270104195">
        <mark key="'" line="4" column="29" />
        <mark key="[" line="18" column="38" />
        <mark key="]" line="19" column="13" />
        <mark key="^" line="19" column="13" />
        <mark key="." line="19" column="13" />
      </file>
      <file name="D:/code/shanbay_check_card/try.py" timestamp="1551666858313">
        <mark key="'" line="20" column="8" />
        <mark key="[" line="21" column="0" />
        <mark key="]" line="21" column="0" />
        <mark key="^" line="22" column="15" />
        <mark key="." line="21" column="0" />
      </file>
      <file name="D:/code/test/pkg/string.py" timestamp="1550117836303">
        <mark key="'" line="0" column="12" />
        <mark key="[" line="0" column="12" />
        <mark key="]" line="0" column="12" />
        <mark key="." line="0" column="12" />
        <mark key="^" line="0" column="12" />
      </file>
      <file name="$USER_HOME$/code/javal/week5/ext/src/Game.java" timestamp="1537085035663">
        <mark key="[" line="3" column="11" />
        <mark key="]" line="3" column="14" />
        <mark key="." line="3" column="14" />
        <mark key="^" line="3" column="14" />
      </file>
      <file name="$USER_HOME$/code/BookBooks/config.py" timestamp="1536399756375">
        <mark key="'" line="32" column="0" />
        <mark key="[" line="32" column="0" />
        <mark key="]" line="37" column="0" />
        <mark key="." line="24" column="0" />
        <mark key="^" line="28" column="36" />
      </file>
      <file name="$USER_HOME$/code/javal/week3/ext/src/coin.java" timestamp="1536745628807">
        <mark key="[" line="0" column="19" />
        <mark key="]" line="2" column="7" />
        <mark key="^" line="2" column="7" />
        <mark key="." line="2" column="7" />
      </file>
      <file name="$USER_HOME$/code/OnlineCharge/templates/book.html" timestamp="1536311693456">
        <mark key="'" line="2" column="0" />
        <mark key="[" line="2" column="0" />
        <mark key="]" line="6" column="13" />
        <mark key="^" line="1" column="0" />
        <mark key="." line="2" column="0" />
      </file>
      <file name="D:/Applications/v2ray-windows-64/config.json" timestamp="1551624226610">
        <mark key="'" line="131" column="0" />
      </file>
      <file name="D:/code/test/set.py" timestamp="1550123078720">
        <mark key="[" line="0" column="11" />
        <mark key="]" line="0" column="11" />
        <mark key="^" line="0" column="11" />
        <mark key="." line="0" column="11" />
      </file>
      <file name="$USER_HOME$/code/flasky/flasky.py" timestamp="1536400194281">
        <mark key="'" line="41" column="18" />
        <mark key="[" line="20" column="4" />
        <mark key="]" line="17" column="6" />
        <mark key="^" line="17" column="6" />
        <mark key="." line="17" column="6" />
      </file>
      <file name="$USER_HOME$/.vim/plugged/vim-mma/rplugin/python3/deoplete/sources/mma.py" timestamp="1550316921494">
        <mark key="[" line="6" column="0" />
        <mark key="]" line="6" column="0" />
        <mark key="^" line="32" column="3" />
        <mark key="." line="6" column="0" />
      </file>
      <file name="D:/Applications/Python36/Lib/site-packages/shanbay/team.py" timestamp="1551666511598">
        <mark key="'" line="272" column="0" />
        <mark key="[" line="250" column="0" />
        <mark key="]" line="252" column="54" />
      </file>
      <file name="D:/code/autologin/sjtu-aixinwu/aixinwu.py" timestamp="1550717919864">
        <mark key="'" line="82" column="32" />
        <mark key="[" line="137" column="0" />
        <mark key="]" line="137" column="43" />
        <mark key="." line="20" column="30" />
        <mark key="^" line="20" column="30" />
      </file>
      <file name="$USER_HOME$/code/WechatGameAutoPlayer/README.md" timestamp="1536591872963">
        <mark key="'" line="58" column="3" />
        <mark key="[" line="52" column="29" />
        <mark key="]" line="52" column="31" />
        <mark key="." line="52" column="31" />
        <mark key="^" line="52" column="31" />
      </file>
      <file name="D:/code/test/main.py" timestamp="1550122781218">
        <mark key="'" line="1" column="7" />
        <mark key="[" line="0" column="0" />
        <mark key="]" line="0" column="0" />
        <mark key="^" line="2" column="2" />
        <mark key="." line="0" column="0" />
      </file>
      <file name="D:/code/wordplayer/Lexicons/make_a_dict.py" timestamp="1549542267777">
        <mark key="'" line="18" column="6" />
        <mark key="[" line="10" column="14" />
        <mark key="]" line="10" column="14" />
        <mark key="." line="10" column="14" />
        <mark key="^" line="18" column="47" />
      </file>
      <file name="$USER_HOME$/code/BookBooks/app/main/__init__.py" timestamp="1536398440046">
        <mark key="[" line="4" column="27" />
        <mark key="]" line="4" column="27" />
        <mark key="^" line="4" column="27" />
        <mark key="." line="4" column="27" />
      </file>
      <file name="D:/Desktop/ML/ee369/planning.py" timestamp="1547247724584">
        <mark key="'" line="18" column="0" />
        <mark key="[" line="14" column="6" />
        <mark key="]" line="14" column="25" />
        <mark key="." line="14" column="25" />
        <mark key="^" line="51" column="12" />
      </file>
      <file name="D:/code/autologin/LICENSE" timestamp="1550717698968">
        <mark key="[" line="2" column="19" />
        <mark key="]" line="2" column="26" />
        <mark key="." line="2" column="26" />
        <mark key="^" line="2" column="26" />
      </file>
      <file name="D:/code/HelloElectsys/popup/popup.js" timestamp="1551079104284">
        <mark key="[" line="52" column="9" />
        <mark key="]" line="52" column="9" />
        <mark key="." line="52" column="9" />
      </file>
      <file name="$USER_HOME$/code/javal/week4/ext/src/Item.java" timestamp="1537024117924">
        <mark key="'" line="22" column="16" />
        <mark key="[" line="23" column="36" />
        <mark key="]" line="23" column="37" />
        <mark key="." line="23" column="37" />
        <mark key="^" line="23" column="37" />
      </file>
      <file name="D:/code/test/pkg/spam.py" timestamp="1550118894867">
        <mark key="[" line="1" column="6" />
        <mark key="]" line="1" column="6" />
        <mark key="." line="1" column="6" />
        <mark key="^" line="1" column="6" />
      </file>
      <file name="$USER_HOME$/code/BookBooks/app/main/views.py" timestamp="1536399188950">
        <mark key="'" line="51" column="49" />
        <mark key="[" line="17" column="49" />
        <mark key="]" line="17" column="49" />
        <mark key="." line="17" column="49" />
        <mark key="^" line="17" column="49" />
      </file>
      <file name="D:/Desktop/ML/ee369/offline_train.py" timestamp="1547263632272">
        <mark key="'" line="71" column="41" />
        <mark key="[" line="9" column="68" />
        <mark key="]" line="10" column="28" />
        <mark key="." line="10" column="28" />
        <mark key="^" line="10" column="28" />
      </file>
      <file name="D:/code/autologin/readfree/README.md" timestamp="1550717669861">
        <mark key="[" line="11" column="10" />
        <mark key="]" line="11" column="21" />
        <mark key="." line="11" column="21" />
        <mark key="^" line="11" column="21" />
      </file>
      <file name="D:/code/wordplayer/wordplayer.py" timestamp="1549544391324">
        <mark key="'" line="350" column="22" />
        <mark key="[" line="278" column="60" />
        <mark key="]" line="278" column="60" />
        <mark key="." line="278" column="60" />
        <mark key="^" line="278" column="60" />
      </file>
      <file name="$USER_HOME$/code/OnlineCharge/templates/index.html" timestamp="1536373029359">
        <mark key="[" line="4" column="40" />
        <mark key="]" line="4" column="28" />
        <mark key="." line="4" column="43" />
        <mark key="^" line="4" column="28" />
      </file>
      <file name="$USER_HOME$/code/javal/week4/homework/src/Database.java" timestamp="1536848773231">
        <mark key="[" line="20" column="0" />
        <mark key="]" line="20" column="0" />
        <mark key="." line="20" column="0" />
        <mark key="^" line="18" column="44" />
      </file>
      <file name="$USER_HOME$/code/OnlineCharge/templates/login.html" timestamp="1536372876156">
        <mark key="'" line="0" column="0" />
        <mark key="[" line="12" column="0" />
        <mark key="]" line="12" column="0" />
        <mark key="." line="12" column="0" />
        <mark key="^" line="14" column="19" />
      </file>
      <file name="$USER_HOME$/code/OnlineCharge/online_charge.py" timestamp="1536385241652">
        <mark key="[" line="24" column="18" />
        <mark key="]" line="24" column="18" />
        <mark key="." line="24" column="18" />
        <mark key="^" line="24" column="18" />
      </file>
      <file name="D:/code/ee369-2048-ai/webapp.py" timestamp="1550156409392">
        <mark key="[" line="47" column="13" />
        <mark key="]" line="47" column="14" />
        <mark key="." line="47" column="14" />
        <mark key="^" line="47" column="14" />
      </file>
      <file name="D:/code/autologin/readfree/readfree.py" timestamp="1551444119331">
        <mark key="'" line="111" column="20" />
        <mark key="[" line="102" column="19" />
        <mark key="]" line="102" column="19" />
        <mark key="." line="102" column="19" />
        <mark key="^" line="102" column="19" />
      </file>
      <file name="D:/code/wordplayer/UsersData/users.json" timestamp="1549530901108">
        <mark key="[" line="0" column="0" />
        <mark key="]" line="0" column="0" />
        <mark key="." line="0" column="0" />
        <mark key="^" line="0" column="0" />
      </file>
      <file name="D:/code/wordplayer/TODO.txt" timestamp="1549533939002">
        <mark key="[" line="3" column="3" />
        <mark key="]" line="3" column="2" />
        <mark key="." line="3" column="2" />
        <mark key="^" line="3" column="2" />
      </file>
      <file name="D:/Applications/Python36/Lib/site-packages/shanbay/api.py" timestamp="1551666361718">
        <mark key="'" line="131" column="12" />
      </file>
      <file name="$USER_HOME$/code/BookBooks/config2.py" timestamp="1536390424006">
        <mark key="'" line="2" column="14" />
        <mark key="[" line="8" column="0" />
        <mark key="]" line="8" column="0" />
        <mark key="." line="8" column="0" />
        <mark key="^" line="0" column="8" />
      </file>
      <file name="D:/code/wordplayer/login.py" timestamp="1549531219320">
        <mark key="'" line="65" column="13" />
        <mark key="[" line="41" column="0" />
        <mark key="]" line="85" column="28" />
        <mark key="." line="114" column="0" />
        <mark key="^" line="114" column="5" />
      </file>
      <file name="$USER_HOME$/code/javal/week2/ext/Clock.java" timestamp="1536655404425">
        <mark key="'" line="7" column="22" />
        <mark key="[" line="0" column="0" />
        <mark key="]" line="0" column="0" />
        <mark key="^" line="17" column="21" />
        <mark key="." line="0" column="0" />
      </file>
      <file name="D:/code/python-shanbay/tmp.py" timestamp="1551684671267">
        <mark key="'" line="1" column="26" />
        <mark key="[" line="6" column="0" />
        <mark key="]" line="6" column="42" />
        <mark key="^" line="6" column="42" />
        <mark key="." line="6" column="42" />
      </file>
      <file name="D:/code/test/nn.py" timestamp="1550142098402">
        <mark key="'" line="44" column="10" />
        <mark key="[" line="44" column="41" />
        <mark key="]" line="44" column="50" />
        <mark key="." line="44" column="50" />
        <mark key="^" line="44" column="50" />
      </file>
      <file name="D:/code/CS902-FINAL-project/spider of data2.py" timestamp="1549447057320">
        <mark key="'" line="14" column="0" />
        <mark key="[" line="6" column="0" />
        <mark key="]" line="7" column="0" />
        <mark key="^" line="7" column="6" />
        <mark key="." line="5" column="29" />
      </file>
      <file name="D:/code/autologin/README.md" timestamp="1550717863589">
        <mark key="[" line="21" column="7" />
        <mark key="]" line="21" column="10" />
        <mark key="." line="21" column="10" />
        <mark key="^" line="21" column="10" />
      </file>
      <file name="D:/code/test/pkg/eggs.py" timestamp="1550118897973">
        <mark key="[" line="0" column="0" />
        <mark key="]" line="0" column="0" />
        <mark key="^" line="0" column="0" />
        <mark key="." line="0" column="0" />
      </file>
      <file name="D:/code/wordplayer/config.py" timestamp="1549258072755">
        <mark key="[" line="1" column="12" />
        <mark key="]" line="1" column="19" />
        <mark key="." line="1" column="19" />
        <mark key="^" line="1" column="19" />
      </file>
      <file name="D:/code/autologin/readfree/config.py" timestamp="1550717529941">
        <mark key="'" line="9" column="0" />
        <mark key="[" line="8" column="2" />
        <mark key="]" line="8" column="3" />
        <mark key="^" line="2" column="4" />
        <mark key="." line="8" column="3" />
      </file>
      <file name="$USER_HOME$/code/BookBooks/legacy.py" timestamp="1536399324254">
        <mark key="[" line="0" column="0" />
        <mark key="]" line="121" column="13" />
        <mark key="^" line="0" column="5" />
        <mark key="." line="0" column="0" />
      </file>
      <file name="D:/code/ee369-2048-ai/task/offline_training.py" timestamp="1550156438033">
        <mark key="[" line="15" column="5" />
        <mark key="]" line="15" column="5" />
        <mark key="." line="15" column="5" />
        <mark key="^" line="15" column="5" />
      </file>
      <file name="$USER_HOME$/code/javal/week2/homework/src/Display.java" timestamp="1536844884830">
        <mark key="'" line="0" column="13" />
        <mark key="[" line="18" column="0" />
        <mark key="]" line="18" column="0" />
        <mark key="." line="18" column="0" />
        <mark key="^" line="1" column="9" />
      </file>
      <file name="$USER_HOME$/code/OnlineCharge/templates/signup.html" timestamp="1536329771182">
        <mark key="[" line="3" column="17" />
        <mark key="]" line="3" column="5" />
        <mark key="." line="3" column="5" />
        <mark key="^" line="3" column="5" />
      </file>
      <file name="$USER_HOME$/code/OnlineCharge/templates/404.html" timestamp="1536287069791">
        <mark key="'" line="0" column="0" />
        <mark key="[" line="9" column="0" />
        <mark key="]" line="9" column="0" />
        <mark key="." line="9" column="0" />
        <mark key="^" line="8" column="12" />
      </file>
      <file name="D:/code/notebook/python/类的多态继承.py" timestamp="1547604940349">
        <mark key="[" line="42" column="16" />
        <mark key="]" line="42" column="21" />
        <mark key="^" line="42" column="21" />
        <mark key="." line="42" column="21" />
      </file>
      <file name="D:/code/test/main2.py" timestamp="1550123085245">
        <mark key="[" line="0" column="0" />
        <mark key="]" line="0" column="10" />
        <mark key="." line="0" column="10" />
        <mark key="^" line="0" column="10" />
      </file>
      <file name="D:/Desktop/ML/ee369/util.py" timestamp="1547263436439">
        <mark key="[" line="0" column="18" />
        <mark key="]" line="1" column="33" />
        <mark key="." line="1" column="33" />
        <mark key="^" line="1" column="33" />
      </file>
      <file name="D:/code/test/knn.py" timestamp="1550134844210">
        <mark key="[" line="57" column="24" />
        <mark key="]" line="57" column="23" />
        <mark key="^" line="57" column="23" />
        <mark key="." line="57" column="23" />
      </file>
      <file name="D:/code/CS902-FINAL-project/spider of data1.py" timestamp="1549436364194">
        <mark key="'" line="20" column="0" />
        <mark key="[" line="71" column="19" />
        <mark key="]" line="71" column="24" />
        <mark key="." line="71" column="24" />
        <mark key="^" line="85" column="29" />
      </file>
      <file name="$USER_HOME$/code/javal/week3/homework/src/Distance.java" timestamp="1536813435779">
        <mark key="'" line="26" column="21" />
        <mark key="[" line="10" column="43" />
        <mark key="]" line="11" column="7" />
        <mark key="." line="11" column="7" />
        <mark key="^" line="11" column="7" />
      </file>
      <file name="$USER_HOME$/code/javal/week5/ext/src/CD.java" timestamp="1537084649480">
        <mark key="[" line="24" column="35" />
        <mark key="]" line="24" column="36" />
        <mark key="." line="24" column="36" />
        <mark key="^" line="24" column="35" />
      </file>
      <file name="$USER_HOME$/code/javal/week5/ext/src/GAME.java" timestamp="1537085237974">
        <mark key="'" line="7" column="13" />
        <mark key="[" line="17" column="27" />
        <mark key="]" line="17" column="34" />
        <mark key="." line="17" column="34" />
        <mark key="^" line="17" column="34" />
      </file>
      <file name="$USER_HOME$/code/WechatGameAutoPlayer/autoplay.py" timestamp="1536590697473">
        <mark key="'" line="11" column="24" />
        <mark key="[" line="29" column="0" />
        <mark key="]" line="29" column="0" />
        <mark key="." line="29" column="0" />
        <mark key="^" line="3" column="15" />
      </file>
      <file name="$USER_HOME$/code/javal/week1/homework/src/Main.java" timestamp="1536656216098">
        <mark key="[" line="42" column="0" />
        <mark key="]" line="42" column="0" />
        <mark key="^" line="42" column="28" />
        <mark key="." line="42" column="0" />
      </file>
      <file name="D:/code/CS902-FINAL-project/spider_of_data1.py" timestamp="1549447978754">
        <mark key="'" line="69" column="9" />
        <mark key="[" line="52" column="0" />
        <mark key="]" line="52" column="13" />
        <mark key="." line="52" column="0" />
        <mark key="^" line="28" column="13" />
      </file>
      <file name="D:/code/VueLearning/test.html" timestamp="1547714113024">
        <mark key="[" line="13" column="0" />
        <mark key="]" line="13" column="35" />
        <mark key="." line="13" column="35" />
        <mark key="^" line="9" column="17" />
      </file>
      <file name="D:/Desktop/ML/ee369/webapp.py" timestamp="1547263819767">
        <mark key="[" line="45" column="46" />
        <mark key="]" line="45" column="46" />
        <mark key="." line="45" column="46" />
        <mark key="^" line="45" column="47" />
      </file>
      <file name="D:/code/python-shanbay/shanbay/__init__.py" timestamp="1551684473040">
        <mark key="'" line="54" column="6" />
      </file>
      <file name="$USER_HOME$/code/OnlineCharge/config.py" timestamp="1536329493314">
        <mark key="'" line="5" column="39" />
        <mark key="[" line="6" column="77" />
        <mark key="]" line="7" column="37" />
        <mark key="." line="7" column="37" />
        <mark key="^" line="7" column="37" />
      </file>
      <file name="D:/code/test/ml.py" timestamp="1550138899214">
        <mark key="'" line="36" column="0" />
        <mark key="[" line="0" column="0" />
        <mark key="]" line="5" column="34" />
      </file>
      <file name="D:/code/HelloElectsys/js/content.js" timestamp="1551079159758">
        <mark key="'" line="291" column="23" />
        <mark key="[" line="291" column="43" />
        <mark key="]" line="291" column="43" />
        <mark key="." line="291" column="43" />
        <mark key="^" line="318" column="48" />
      </file>
      <file name="D:/Desktop/ML/ee369/model.py" timestamp="1547262940860">
        <mark key="'" line="43" column="3" />
        <mark key="[" line="6" column="16" />
        <mark key="]" line="6" column="16" />
        <mark key="^" line="7" column="37" />
        <mark key="." line="6" column="16" />
      </file>
      <file name="D:/code/CS902-FINAL-project/class_DataSpider1.py" timestamp="1549695411906">
        <mark key="'" line="89" column="10" />
        <mark key="[" line="71" column="59" />
        <mark key="]" line="71" column="60" />
        <mark key="." line="71" column="60" />
        <mark key="^" line="71" column="73" />
      </file>
      <file name="$USER_HOME$/code/javal/week1/homework/src/Fraction.java" timestamp="1536568119196">
        <mark key="[" line="15" column="1" />
        <mark key="]" line="15" column="0" />
        <mark key="." line="15" column="0" />
        <mark key="^" line="15" column="0" />
      </file>
      <file name="D:/code/wordplayer/README.md" timestamp="1549544433090">
        <mark key="[" line="18" column="18" />
        <mark key="]" line="18" column="22" />
        <mark key="." line="18" column="22" />
        <mark key="^" line="18" column="22" />
      </file>
      <file name="$USER_HOME$/code/javal/src/Main.java" timestamp="1536562113332">
        <mark key="[" line="0" column="13" />
        <mark key="]" line="0" column="26" />
        <mark key="." line="0" column="26" />
        <mark key="^" line="0" column="26" />
      </file>
      <file name="D:/code/notebook/JavaScript模式.md" timestamp="1547650841294">
        <mark key="'" line="336" column="3" />
        <mark key="[" line="396" column="12" />
        <mark key="]" line="398" column="14" />
        <mark key="^" line="398" column="14" />
        <mark key="." line="398" column="14" />
      </file>
      <file name="$USER_HOME$/code/javal/week5/ext/src/DVD.java" timestamp="1537085007476">
        <mark key="'" line="0" column="0" />
        <mark key="[" line="0" column="0" />
        <mark key="]" line="18" column="1" />
        <mark key="." line="15" column="7" />
        <mark key="^" line="15" column="7" />
      </file>
      <file name="$USER_HOME$/code/javal/week4/homework/src/MP3.java" timestamp="1536848882306">
        <mark key="[" line="13" column="0" />
        <mark key="]" line="13" column="0" />
        <mark key="^" line="11" column="38" />
        <mark key="." line="13" column="0" />
      </file>
      <file name="$USER_HOME$/code/BookBooks/app/models.py" timestamp="1536399230075">
        <mark key="[" line="0" column="0" />
        <mark key="]" line="0" column="15" />
        <mark key="." line="0" column="15" />
        <mark key="^" line="0" column="15" />
      </file>
      <file name="D:/code/ee369-2048-ai/task/online_training.py" timestamp="1550156846808">
        <mark key="'" line="133" column="0" />
        <mark key="[" line="9" column="5" />
        <mark key="]" line="9" column="5" />
        <mark key="." line="9" column="5" />
        <mark key="^" line="9" column="6" />
      </file>
      <file name="D:/code/wordplayer/Lexicons/CET4.txt" timestamp="1549543064580">
        <mark key="'" line="4581" column="9" />
        <mark key="[" line="0" column="0" />
        <mark key="]" line="4599" column="8" />
        <mark key="." line="4599" column="8" />
        <mark key="^" line="4599" column="8" />
      </file>
      <file name="$USER_HOME$/code/WechatGameAutoPlayer/util.py" timestamp="1536591282991">
        <mark key="'" line="71" column="37" />
        <mark key="[" line="75" column="21" />
        <mark key="]" line="75" column="21" />
        <mark key="." line="75" column="21" />
        <mark key="^" line="75" column="21" />
      </file>
      <file name="$USER_HOME$/.vim/plugged/vim-mma/rplugin/python3/deoplete/sources/mma_keywords.py" timestamp="1550316898552">
        <mark key="'" line="5" column="4" />
        <mark key="[" line="5" column="0" />
        <mark key="]" line="7413" column="1" />
      </file>
      <file name="$USER_HOME$/code/HelloElectsys/popup/popup.html" timestamp="1536470719485">
        <mark key="'" line="48" column="75" />
        <mark key="[" line="50" column="76" />
        <mark key="]" line="50" column="75" />
        <mark key="." line="50" column="75" />
        <mark key="^" line="50" column="75" />
      </file>
      <file name="$USER_HOME$/code/BookBooks/bookbooks.py" timestamp="1536399974358">
        <mark key="'" line="4" column="6" />
        <mark key="[" line="2" column="32" />
        <mark key="]" line="2" column="31" />
        <mark key="." line="2" column="31" />
        <mark key="^" line="2" column="31" />
      </file>
      <file name="D:/code/wordplayer/Lexicons/make_localdict.py" timestamp="1549543056344">
        <mark key="[" line="6" column="18" />
        <mark key="]" line="15" column="21" />
        <mark key="^" line="15" column="21" />
        <mark key="." line="15" column="21" />
      </file>
      <file name="/Dummy.txt" timestamp="1551438100717">
        <mark key="[" line="0" column="0" />
        <mark key="]" line="0" column="38" />
        <mark key="^" line="0" column="38" />
        <mark key="." line="0" column="38" />
      </file>
      <file name="D:/code/CS902-FINAL-project/class_k_means.py" timestamp="1549763816668">
        <mark key="'" line="52" column="4" />
        <mark key="[" line="12" column="11" />
        <mark key="]" line="12" column="14" />
        <mark key="." line="12" column="14" />
        <mark key="^" line="12" column="14" />
      </file>
      <file name="E:/Applications/Python35/Lib/site-packages/wtforms/fields/core.py" timestamp="1536395060291">
        <mark key="'" line="431" column="62" />
        <mark key="[" line="700" column="7" />
        <mark key="]" line="700" column="6" />
        <mark key="." line="700" column="6" />
        <mark key="^" line="700" column="6" />
      </file>
      <file name="D:/Desktop/ML/ee369/my_agents.py" timestamp="1547263723385">
        <mark key="'" line="8" column="38" />
        <mark key="[" line="28" column="59" />
        <mark key="]" line="29" column="23" />
        <mark key="." line="29" column="23" />
        <mark key="^" line="29" column="23" />
      </file>
      <file name="$USER_HOME$/code/OnlineCharge/templates/base.html" timestamp="1536371840430">
        <mark key="[" line="34" column="0" />
        <mark key="]" line="34" column="0" />
        <mark key="^" line="34" column="0" />
        <mark key="." line="34" column="0" />
      </file>
      <file name="D:/Applications/Python36/Lib/logging/__init__.py" timestamp="1550715817984">
        <mark key="'" line="1739" column="4" />
      </file>
      <file name="$USER_HOME$/code/codenotes/leetcode/test.py" timestamp="1536756985836">
        <mark key="'" line="23" column="17" />
        <mark key="[" line="0" column="0" />
        <mark key="]" line="0" column="0" />
        <mark key="^" line="34" column="35" />
        <mark key="." line="0" column="0" />
      </file>
      <file name="$USER_HOME$/code/javal/week3/ext/src/NoteBook.java" timestamp="1536744878866">
        <mark key="'" line="39" column="8" />
        <mark key="[" line="44" column="24" />
        <mark key="]" line="46" column="31" />
        <mark key="." line="46" column="31" />
        <mark key="^" line="46" column="31" />
      </file>
      <file name="D:/code/autologin/sjtu-aixinwu/README.md" timestamp="1550716620222">
        <mark key="[" line="1" column="0" />
        <mark key="]" line="4" column="26" />
        <mark key="." line="4" column="26" />
        <mark key="^" line="4" column="26" />
      </file>
      <file name="D:/Applications/Python36/Lib/site-packages/sklearn/linear_model/logistic.py" timestamp="1550134526395">
        <mark key="'" line="1308" column="11" />
        <mark key="[" line="434" column="0" />
        <mark key="]" line="434" column="68" />
      </file>
      <file name="D:/code/shanbay_check_card/test.html" timestamp="1551666809076">
        <mark key="'" line="504" column="95" />
        <mark key="[" line="0" column="0" />
        <mark key="]" line="1226" column="14" />
        <mark key="." line="0" column="0" />
      </file>
    </filemarks>
    <jumps>
      <jump line="67" column="8" filename="D:/code/autologin/sjtu-aixinwu/aixinwu.py" />
      <jump line="80" column="8" filename="D:/code/autologin/sjtu-aixinwu/aixinwu.py" />
      <jump line="49" column="8" filename="D:/code/autologin/sjtu-aixinwu/aixinwu.py" />
      <jump line="68" column="8" filename="D:/code/autologin/sjtu-aixinwu/aixinwu.py" />
      <jump line="79" column="43" filename="D:/code/autologin/sjtu-aixinwu/aixinwu.py" />
      <jump line="51" column="43" filename="D:/code/autologin/sjtu-aixinwu/aixinwu.py" />
      <jump line="50" column="8" filename="D:/code/autologin/sjtu-aixinwu/aixinwu.py" />
      <jump line="107" column="21" filename="D:/code/autologin/sjtu-aixinwu/aixinwu.py" />
      <jump line="47" column="17" filename="D:/code/autologin/sjtu-aixinwu/aixinwu.py" />
      <jump line="57" column="8" filename="D:/code/autologin/sjtu-aixinwu/aixinwu.py" />
      <jump line="98" column="12" filename="D:/code/autologin/sjtu-aixinwu/aixinwu.py" />
      <jump line="99" column="12" filename="D:/code/autologin/sjtu-aixinwu/aixinwu.py" />
      <jump line="100" column="29" filename="D:/code/autologin/sjtu-aixinwu/aixinwu.py" />
      <jump line="101" column="12" filename="D:/code/autologin/sjtu-aixinwu/aixinwu.py" />
      <jump line="102" column="23" filename="D:/code/autologin/sjtu-aixinwu/aixinwu.py" />
      <jump line="131" column="12" filename="D:/code/autologin/sjtu-aixinwu/aixinwu.py" />
      <jump line="132" column="17" filename="D:/code/autologin/sjtu-aixinwu/aixinwu.py" />
      <jump line="86" column="13" filename="D:/code/autologin/sjtu-aixinwu/aixinwu.py" />
      <jump line="1739" column="4" filename="D:/Applications/Python36/Lib/logging/__init__.py" />
      <jump line="124" column="19" filename="D:/code/autologin/sjtu-aixinwu/aixinwu.py" />
      <jump line="34" column="4" filename="D:/code/autologin/sjtu-aixinwu/aixinwu.py" />
      <jump line="30" column="8" filename="D:/code/autologin/sjtu-aixinwu/aixinwu.py" />
      <jump line="130" column="0" filename="D:/code/autologin/sjtu-aixinwu/aixinwu.py" />
      <jump line="21" column="0" filename="D:/code/autologin/sjtu-aixinwu/aixinwu.py" />
      <jump line="134" column="0" filename="D:/code/autologin/sjtu-aixinwu/aixinwu.py" />
      <jump line="7" column="11" filename="D:/code/autologin/readfree/readfree.py" />
      <jump line="9" column="0" filename="D:/code/autologin/readfree/readfree.py" />
      <jump line="63" column="26" filename="D:/code/autologin/readfree/readfree.py" />
      <jump line="10" column="3" filename="D:/code/autologin/readfree/readfree.py" />
      <jump line="52" column="16" filename="D:/code/autologin/readfree/readfree.py" />
      <jump line="61" column="16" filename="D:/code/autologin/readfree/readfree.py" />
      <jump line="64" column="26" filename="D:/code/autologin/readfree/readfree.py" />
      <jump line="81" column="19" filename="D:/code/autologin/readfree/readfree.py" />
      <jump line="18" column="0" filename="D:/code/autologin/sjtu-aixinwu/aixinwu.py" />
      <jump line="36" column="4" filename="D:/code/autologin/readfree/readfree.py" />
      <jump line="37" column="4" filename="D:/code/autologin/readfree/readfree.py" />
      <jump line="38" column="39" filename="D:/code/autologin/readfree/readfree.py" />
      <jump line="32" column="11" filename="D:/code/autologin/readfree/readfree.py" />
      <jump line="30" column="44" filename="D:/code/autologin/readfree/readfree.py" />
      <jump line="40" column="8" filename="D:/code/autologin/sjtu-aixinwu/aixinwu.py" />
      <jump line="136" column="10" filename="D:/code/autologin/sjtu-aixinwu/aixinwu.py" />
      <jump line="90" column="19" filename="D:/code/autologin/readfree/readfree.py" />
      <jump line="51" column="37" filename="D:/code/autologin/readfree/readfree.py" />
      <jump line="50" column="22" filename="D:/code/autologin/readfree/readfree.py" />
      <jump line="101" column="23" filename="D:/code/autologin/readfree/readfree.py" />
      <jump line="94" column="22" filename="D:/code/autologin/readfree/readfree.py" />
      <jump line="56" column="19" filename="D:/code/autologin/readfree/readfree.py" />
      <jump line="29" column="19" filename="D:/code/autologin/readfree/readfree.py" />
      <jump line="97" column="8" filename="D:/code/autologin/readfree/readfree.py" />
      <jump line="45" column="40" filename="D:/code/autologin/readfree/readfree.py" />
      <jump line="106" column="19" filename="D:/code/autologin/readfree/readfree.py" />
      <jump line="6" column="0" filename="D:/code/autologin/readfree/config.py" />
      <jump line="82" column="32" filename="D:/code/autologin/sjtu-aixinwu/aixinwu.py" />
      <jump line="57" column="11" filename="D:/code/HelloElectsys/js/content.js" />
      <jump line="93" column="12" filename="D:/code/HelloElectsys/js/content.js" />
      <jump line="119" column="12" filename="D:/code/HelloElectsys/js/content.js" />
      <jump line="323" column="52" filename="D:/code/HelloElectsys/js/content.js" />
      <jump line="356" column="0" filename="D:/code/HelloElectsys/js/content.js" />
      <jump line="834" column="49" filename="D:/code/HelloElectsys/js/content.js" />
      <jump line="299" column="40" filename="D:/code/HelloElectsys/js/content.js" />
      <jump line="832" column="49" filename="D:/code/HelloElectsys/js/content.js" />
      <jump line="10" column="17" filename="D:/code/HelloElectsys/popup/popup.css" />
      <jump line="25" column="10" filename="D:/code/HelloElectsys/popup/popup.css" />
      <jump line="93" column="7" filename="D:/code/HelloElectsys/popup/popup.css" />
      <jump line="324" column="7" filename="D:/code/HelloElectsys/js/content.js" />
      <jump line="841" column="0" filename="D:/code/HelloElectsys/js/content.js" />
      <jump line="64" column="34" filename="D:/code/HelloElectsys/js/content.js" />
      <jump line="65" column="35" filename="D:/code/HelloElectsys/js/content.js" />
      <jump line="122" column="26" filename="D:/code/HelloElectsys/js/content.js" />
      <jump line="162" column="37" filename="D:/code/HelloElectsys/js/content.js" />
      <jump line="169" column="32" filename="D:/code/HelloElectsys/js/content.js" />
      <jump line="217" column="24" filename="D:/code/HelloElectsys/js/content.js" />
      <jump line="241" column="25" filename="D:/code/HelloElectsys/js/content.js" />
      <jump line="252" column="26" filename="D:/code/HelloElectsys/js/content.js" />
      <jump line="271" column="24" filename="D:/code/HelloElectsys/js/content.js" />
      <jump line="291" column="23" filename="D:/code/HelloElectsys/js/content.js" />
      <jump line="31" column="16" filename="D:/code/autologin/readfree/readfree.py" />
      <jump line="111" column="20" filename="D:/code/autologin/readfree/readfree.py" />
      <jump line="9" column="0" filename="D:/Applications/v2ray-windows-64/config.json" />
      <jump line="43" column="10" filename="D:/Applications/v2ray-windows-64/config.json" />
      <jump line="131" column="0" filename="D:/Applications/v2ray-windows-64/config.json" />
      <jump line="3" column="23" filename="D:/Applications/Python36/Lib/site-packages/shanbay/team.py" />
      <jump line="272" column="0" filename="D:/Applications/Python36/Lib/site-packages/shanbay/team.py" />
      <jump line="131" column="12" filename="D:/Applications/Python36/Lib/site-packages/shanbay/api.py" />
      <jump line="23" column="5" filename="D:/code/shanbay_check_card/try.py" />
      <jump line="2" column="28" filename="D:/code/shanbay_check_card/try.py" />
      <jump line="4" column="16" filename="D:/code/shanbay_check_card/test.html" />
      <jump line="0" column="0" filename="D:/code/shanbay_check_card/test.html" />
      <jump line="1224" column="8" filename="D:/code/shanbay_check_card/test.html" />
      <jump line="1197" column="76" filename="D:/code/shanbay_check_card/test.html" />
      <jump line="31" column="52" filename="D:/code/shanbay_check_card/test.html" />
      <jump line="33" column="56" filename="D:/code/shanbay_check_card/test.html" />
      <jump line="1192" column="23" filename="D:/code/shanbay_check_card/test.html" />
      <jump line="755" column="71" filename="D:/code/shanbay_check_card/test.html" />
      <jump line="1203" column="28" filename="D:/code/shanbay_check_card/test.html" />
      <jump line="261" column="80" filename="D:/code/shanbay_check_card/test.html" />
      <jump line="504" column="95" filename="D:/code/shanbay_check_card/test.html" />
      <jump line="20" column="8" filename="D:/code/shanbay_check_card/try.py" />
      <jump line="1" column="26" filename="D:/code/python-shanbay/tmp.py" />
      <jump line="54" column="6" filename="D:/code/python-shanbay/shanbay/__init__.py" />
    </jumps>
    <registers>
      <register name="&quot;" type="2">
        <text encoding="base64">aHRtbCA9IHJlcXVlc3RzLmdldCh0LnRlYW1fdXJsKS50ZXh0CnByaW50KGh0bWwpCnNvdXAgPSBCZWF1dGlmdWxTb3VwKGh0bWwpCnJldHVybiBzb3VwLmZpbmQoaWQ9J2ZvcnVtX2lkJykuYXR0cnNbJ3ZhbHVlJ10K</text>
      </register>
      <register name="-" type="4">
        <text encoding="base64">IA==</text>
      </register>
      <register name="/" type="4">
        <text>38197</text>
      </register>
      <register name="0" type="2">
        <text encoding="base64">ICAgICAgICBodG1sID0gc2VsZi5yZXF1ZXN0KHNlbGYudGVhbV91cmwpLnRleHQKICAgICAgICBzb3VwID0gQmVhdXRpZnVsU291cChodG1sKQogICAgICAgIHJldHVybiBzb3VwLmZpbmQoaWQ9J2ZvcnVtX2lkJykuYXR0cnNbJ3ZhbHVlJ10K</text>
      </register>
      <register name="1" type="2">
        <text encoding="base64">aHRtbCA9IHJlcXVlc3RzLmdldCh0LnRlYW1fdXJsKS50ZXh0CnByaW50KGh0bWwpCnNvdXAgPSBCZWF1dGlmdWxTb3VwKGh0bWwpCnJldHVybiBzb3VwLmZpbmQoaWQ9J2ZvcnVtX2lkJykuYXR0cnNbJ3ZhbHVlJ10K</text>
      </register>
      <register name="2" type="2">
        <text encoding="base64">cHJpbnQodC5mb3J1bV9pZCgpKQo=</text>
      </register>
      <register name="3" type="8">
        <text encoding="base64">IyAKIyA=</text>
      </register>
      <register name="4" type="2">
        <text encoding="base64">PCFET0NUWVBFIGh0bWw+CjxodG1sIGxhbmc9ImVuIj4KPGhlYWQ+CiAgICA8bWV0YSBjaGFyc2V0PSJVVEYtOCI+CiAgICA8dGl0bGU+VGl0bGU8L3RpdGxlPgo8L2hlYWQ+Cjxib2R5PgoKPC9ib2R5Pgo8L2h0bWw+Cg==</text>
      </register>
      <register name="5" type="2">
        <text encoding="base64">cHJpbnQodC50ZWFtX3VybCkK</text>
      </register>
      <register name="6" type="2">
        <text encoding="base64">CsP3zOy1xLTyv6jM+aOsvfHN7c/It6LBy6GjCgrXotLio7rWu9PQ1OfJzwo1IC0gOAq147Tyv6iyxdf3yv2jrMbk0+Cyu8vjxbYK</text>
      </register>
      <register name="7" type="2">
        <text encoding="base64">ICAgICAgICAgICAgICAgIC8vIFRPRE86IGRlbGV0ZSBjYWxsYmFjayBmdW5jdGlvbgo=</text>
      </register>
      <register name="w" type="4">
        <keys>
          <key char="119" code="0" mods="0" />
          <key char="119" code="0" mods="0" />
          <key char="65535" code="93" mods="130" />
        </keys>
      </register>
      <register name="8" type="2">
        <text encoding="base64">ICAgIHBhZGRpbmctbGVmdDogMTBweDsK</text>
      </register>
      <register name="9" type="2">
        <text encoding="base64">ICAgIG1hcmdpbi1sZWZ0OiAxMHB4Owo=</text>
      </register>
      <register name=":" type="4">
        <text>q</text>
      </register>
    </registers>
    <search>
      <last-search>38197</last-search>
      <last-offset />
      <last-pattern>38197</last-pattern>
      <last-replace>cj</last-replace>
      <last-substitute encoding="base64">XDxsb2FkX2NqXD4=</last-substitute>
      <last-dir>1</last-dir>
      <show-last>false</show-last>
    </search>
    <history>
      <history-search>
        <entry encoding="base64">XDxzYXZlX2Nvb2tpZXNcPg==</entry>
        <entry encoding="base64">XDxyZWRVcmxcPg==</entry>
        <entry encoding="base64">XDxyZWRVcmwyXD4=</entry>
        <entry encoding="base64">XDxyZWRVcmwzXD4=</entry>
        <entry encoding="base64">XDxkb3dubG9hZFw+</entry>
        <entry encoding="base64">XDxsb2dnaW5nXD4=</entry>
        <entry encoding="base64">XDx1cmxcPg==</entry>
        <entry>load</entry>
        <entry encoding="base64">XDxzYXZlX2NqXD4=</entry>
        <entry encoding="base64">XDxzYXZlX2NrXD4=</entry>
        <entry encoding="base64">XDxsb2FkX2NrXD4=</entry>
        <entry encoding="base64">XDxsb2FkX2NqXD4=</entry>
        <entry>saveinfo</entry>
        <entry>saveless</entry>
        <entry>{ }</entry>
        <entry encoding="base64">PSA+</entry>
        <entry encoding="base64">PT4=</entry>
        <entry encoding="base64">XDxhYnNvbHV0ZV9pbXBvcnRcPg==</entry>
        <entry>forum</entry>
        <entry>38197</entry>
      </history-search>
      <history-cmd>
        <entry>%s//x_train/g</entry>
        <entry>%s//y_train/g</entry>
        <entry>%s//y_test/g</entry>
        <entry>%s//login_url/g</entry>
        <entry>%s//captcha_url/g</entry>
        <entry>%s//post_url/g</entry>
        <entry>%s//curr_path/g</entry>
        <entry>%s//cookies_path/g</entry>
        <entry>%s//log_path/g</entry>
        <entry>%s//captcha_path/g</entry>
        <entry>%s//redirect_url/g</entry>
        <entry>%s//redirect_url2/g</entry>
        <entry>%s//redirect_url3/g</entry>
        <entry>%s//download_captcha/g</entry>
        <entry>%s//self.logging/g</entry>
        <entry>%s//home_url/g</entry>
        <entry>%s//ck/g</entry>
        <entry>%s//cj/g</entry>
        <entry>source ~/.ideavimrc</entry>
        <entry>q</entry>
      </history-cmd>
      <history-expr />
      <history-input />
    </history>
    <shortcut-conflicts>
      <shortcut-conflict owner="vim">
        <text>ctrl pressed W</text>
      </shortcut-conflict>
      <shortcut-conflict owner="vim">
        <text>ctrl pressed Y</text>
      </shortcut-conflict>
      <shortcut-conflict owner="vim">
        <text>ctrl pressed R</text>
      </shortcut-conflict>
      <shortcut-conflict owner="vim">
        <text>ctrl pressed D</text>
      </shortcut-conflict>
      <shortcut-conflict owner="ide">
        <text>ctrl pressed S</text>
      </shortcut-conflict>
      <shortcut-conflict owner="ide">
        <text>ctrl pressed O</text>
      </shortcut-conflict>
      <shortcut-conflict owner="vim">
        <text>ctrl pressed V</text>
      </shortcut-conflict>
      <shortcut-conflict owner="vim">
        <text>ctrl pressed A</text>
      </shortcut-conflict>
      <shortcut-conflict owner="ide">
        <text>ctrl pressed B</text>
      </shortcut-conflict>
      <shortcut-conflict owner="vim">
        <text>ctrl pressed N</text>
      </shortcut-conflict>
      <shortcut-conflict owner="ide">
        <text>ctrl pressed C</text>
      </shortcut-conflict>
      <shortcut-conflict owner="vim">
        <text>ctrl pressed K</text>
      </shortcut-conflict>
      <shortcut-conflict owner="vim">
        <text>ctrl pressed J</text>
      </shortcut-conflict>
      <shortcut-conflict owner="vim">
        <text>ctrl pressed U</text>
      </shortcut-conflict>
      <shortcut-conflict owner="ide">
        <text>ctrl pressed L</text>
      </shortcut-conflict>
      <shortcut-conflict owner="vim">
        <text>ctrl pressed E</text>
      </shortcut-conflict>
      <shortcut-conflict owner="ide">
        <text>ctrl pressed H</text>
      </shortcut-conflict>
      <shortcut-conflict owner="ide">
        <text>ctrl pressed I</text>
      </shortcut-conflict>
      <shortcut-conflict owner="vim">
        <text>ctrl pressed P</text>
      </shortcut-conflict>
      <shortcut-conflict owner="vim">
        <text>pressed F12</text>
      </shortcut-conflict>
      <shortcut-conflict owner="vim">
        <text>ctrl pressed CLOSE_BRACKET</text>
      </shortcut-conflict>
      <shortcut-conflict owner="ide">
        <text>ctrl pressed F</text>
      </shortcut-conflict>
      <shortcut-conflict owner="vim">
        <text>ctrl pressed X</text>
      </shortcut-conflict>
      <shortcut-conflict owner="vim">
        <text>ctrl pressed Q</text>
      </shortcut-conflict>
    </shortcut-conflicts>
  </component>
</application>