<keymap version="1" name="Eclipse copy" parent="Eclipse">
  <action id="AutoIndentLines" />
  <action id="Back">
    <keyboard-shortcut first-keystroke="alt left" />
    <mouse-shortcut keystroke="button4" />
    <keyboard-shortcut first-keystroke="ctrl o" />
  </action>
  <action id="ChangesView.GroupBy.Directory" />
  <action id="CloseActiveTab" />
  <action id="CloseContent" />
  <action id="Console.TableResult.ColumnsList">
    <keyboard-shortcut first-keystroke="ctrl f3" />
  </action>
  <action id="EditorDuplicate">
    <keyboard-shortcut first-keystroke="alt d" />
  </action>
  <action id="EditorLeft">
    <keyboard-shortcut first-keystroke="left" />
    <keyboard-shortcut first-keystroke="ctrl h" />
  </action>
  <action id="EditorRight">
    <keyboard-shortcut first-keystroke="right" />
    <keyboard-shortcut first-keystroke="ctrl l" />
  </action>
  <action id="FileChooser.NewFolder">
    <keyboard-shortcut first-keystroke="alt insert" />
  </action>
  <action id="FileChooser.TogglePathShowing" />
  <action id="FileStructurePopup">
    <keyboard-shortcut first-keystroke="ctrl f3" />
  </action>
  <action id="FindInPath" />
  <action id="Forward">
    <keyboard-shortcut first-keystroke="alt right" />
    <mouse-shortcut keystroke="button5" />
    <keyboard-shortcut first-keystroke="ctrl i" />
  </action>
  <action id="GotoLine" />
  <action id="HippieBackwardCompletion">
    <keyboard-shortcut first-keystroke="ctrl p" />
  </action>
  <action id="HippieCompletion">
    <keyboard-shortcut first-keystroke="ctrl n" />
  </action>
  <action id="MoveStatementDown">
    <keyboard-shortcut first-keystroke="alt down" />
    <keyboard-shortcut first-keystroke="shift j" />
  </action>
  <action id="MoveStatementUp">
    <keyboard-shortcut first-keystroke="alt up" />
    <keyboard-shortcut first-keystroke="shift k" />
  </action>
  <action id="NextSplitter">
    <keyboard-shortcut first-keystroke="ctrl w" second-keystroke="ctrl w" />
  </action>
  <action id="Print" />
  <action id="Scala.ShowImplicits">
    <keyboard-shortcut first-keystroke="shift ctrl alt equals" />
    <keyboard-shortcut first-keystroke="shift ctrl alt add" />
  </action>
  <action id="ShowPopupMenu">
    <keyboard-shortcut first-keystroke="shift alt s" />
    <keyboard-shortcut first-keystroke="ctrl f10" />
    <keyboard-shortcut first-keystroke="shift alt t" />
  </action>
  <action id="SplitVertically">
    <keyboard-shortcut first-keystroke="ctrl w" second-keystroke="v" />
  </action>
  <action id="UML.ShowStructure">
    <keyboard-shortcut first-keystroke="ctrl f3" />
  </action>
  <action id="Unsplit">
    <keyboard-shortcut first-keystroke="ctrl w" second-keystroke="o" />
  </action>
  <action id="Vcs.Log.FocusTextFilter" />
</keymap>