<application>
  <component name="libraryTable">
    <library name="chrome-DefinitelyTyped" type="javaScript">
      <CLASSES>
        <root url="file://$APPLICATION_CONFIG_DIR$/javascript/extLibs/http_github.com_DefinitelyTyped_DefinitelyTyped_raw_master_types_chrome_chrome-app.d.ts" />
        <root url="file://$APPLICATION_CONFIG_DIR$/javascript/extLibs/http_github.com_DefinitelyTyped_DefinitelyTyped_raw_master_types_chrome_chrome-cast.d.ts" />
        <root url="file://$APPLICATION_CONFIG_DIR$/javascript/extLibs/http_github.com_DefinitelyTyped_DefinitelyTyped_raw_master_types_chrome_chrome-webview.d.ts" />
        <root url="file://$APPLICATION_CONFIG_DIR$/javascript/extLibs/http_github.com_DefinitelyTyped_DefinitelyTyped_raw_master_types_chrome_index.d.ts" />
      </CLASSES>
      <SOURCES />
    </library>
  </component>
</application>