<application>
  <component name="CvsApplicationLevelConfiguration">
    <option name="PATH_TO_PASSWORD_FILE" value="$userdir/.cvspass" />
  </component>
  <component name="DBNavigator.Application.Settings">
    <enable-debug-mode value="false" />
    <enable-developer-mode value="false" />
    <show-plugin-conflict-dialog value="false" />
  </component>
  <component name="NodeJsLocalInterpreters">
    <local-interpreter path="/usr/bin/node">
      <version-cache version="4.2.6" last-modified="1463787647000" />
    </local-interpreter>
  </component>
  <component name="PropertiesComponent">
    <property name="ColorChooser.RecentColors" value="62-172-253-255,,,253-151-31-255,,,53-145-214-255,,,59-167-243-255,,,63-174-255-255,,,81-198-255-255" />
    <property name="Default.SavedEditorTheme" value="_@user_Default" />
    <property name="PluginConfigurable.selectionTab" value="1" />
    <property name="SettingsSearchHistory" value="keymap&#10;vim&#10;theme&#10;plugin&#10;font" />
    <property name="TrendingPluginsSearchHistory" value="translate" />
    <property name="cn.yiiguxing.plugin.translate.version" value="2.2" />
    <property name="evlsprt3.183" value="11" />
    <property name="file.chooser.recent.files" value="$USER_HOME$/code/dotfiles/intellij/Monokai.icls&#10;/home/voldikss/code/helloelectsys" />
    <property name="file.gist.reindex.count" value="8" />
    <property name="fileTypeChangedCounter" value="1" />
    <property name="ideavim.statistics.timestamp" value="1547444775611" />
    <property name="installed.kotlin.plugin.version" value="1.3.11-release-IJ2018.3-1" />
    <property name="selected.color.option.type" value="JS.GLOBAL_VARIABLE" />
    <property name="ts.lib.d.ts.version" value="3.2.1" />
  </component>
  <component name="PyTestFrameworkService">
    <option name="SDK_TO_PYTEST">
      <map>
        <entry key="/usr/bin/python2.7" value="false" />
        <entry key="/usr/bin/python3.5" value="false" />
        <entry key="C:\Program Files\python27\python.exe" value="false" />
        <entry key="C:\Python27\python.exe" value="false" />
        <entry key="C:\Python35\python.exe" value="false" />
        <entry key="C:\Python36\python.exe" value="true" />
        <entry key="E:\Python36\python.exe" value="false" />
        <entry key="F:\Pyhton3.5.1\python.exe" value="false" />
        <entry key="F:\Python2710\python.exe" value="false" />
      </map>
    </option>
    <option name="SDK_TO_NOSETEST">
      <map>
        <entry key="/usr/bin/python2.7" value="false" />
        <entry key="/usr/bin/python3.5" value="false" />
        <entry key="C:\Program Files\python27\python.exe" value="false" />
        <entry key="C:\Python27\python.exe" value="false" />
        <entry key="C:\Python35\python.exe" value="true" />
        <entry key="C:\Python36\python.exe" value="false" />
        <entry key="E:\Python36\python.exe" value="false" />
        <entry key="F:\Pyhton3.5.1\python.exe" value="false" />
        <entry key="F:\Python2710\python.exe" value="false" />
      </map>
    </option>
    <option name="SDK_TO_TRIALTEST">
      <map>
        <entry key="/usr/bin/python2.7" value="true" />
        <entry key="/usr/bin/python3.5" value="false" />
        <entry key="E:\Python36\python.exe" value="false" />
      </map>
    </option>
  </component>
</application>