<application>
  <component name="VimSettings">
    <state version="4" enabled="true" />
    <globalmarks />
    <filemarks>
      <file name="$USER_HOME$/code/helloelectsys/js/lesson.js" timestamp="1547445482232">
        <mark key="'" line="58" column="0" />
        <mark key="[" line="82" column="20" />
        <mark key="]" line="82" column="19" />
        <mark key="." line="82" column="19" />
        <mark key="^" line="82" column="19" />
      </file>
    </filemarks>
    <jumps>
      <jump line="7" column="10" filename="$USER_HOME$/code/helloelectsys/js/lesson.js" />
      <jump line="847" column="26" filename="$USER_HOME$/code/helloelectsys/js/lesson.js" />
      <jump line="58" column="0" filename="$USER_HOME$/code/helloelectsys/js/lesson.js" />
    </jumps>
    <registers>
      <register name="1" type="2">
        <text encoding="base64">ICAgICAgICAK</text>
      </register>
      <register name="&quot;" type="4">
        <text>,</text>
      </register>
      <register name="2" type="2">
        <text encoding="base64">ICAgICAgICAK</text>
      </register>
      <register name="3" type="2">
        <text encoding="base64">ICAgICAgICAK</text>
      </register>
      <register name="4" type="2">
        <text encoding="base64">ICAgICAgICBkcmF3X29iai5pbm5lckhUTUwgKz0gIjxiciAvPuacqua7oSI7Cg==</text>
      </register>
      <register name=":" type="4">
        <text>source ~/.ideavimrc</text>
      </register>
      <register name="-" type="4">
        <text>,</text>
      </register>
    </registers>
    <search>
      <last-dir>0</last-dir>
      <show-last>false</show-last>
    </search>
    <history>
      <history-cmd>
        <entry>source ~/.ideavimrc</entry>
      </history-cmd>
    </history>
    <shortcut-conflicts>
      <shortcut-conflict owner="vim">
        <text>ctrl pressed V</text>
      </shortcut-conflict>
    </shortcut-conflicts>
  </component>
</application>