<application>
  <component name="VimSettings">
    <state version="4" enabled="true" />
    <globalmarks />
    <filemarks>
      <file name="D:/code/wordplayer/config.py" timestamp="1549258072755">
        <mark key="[" line="1" column="12" />
        <mark key="]" line="1" column="19" />
        <mark key="." line="1" column="19" />
        <mark key="^" line="1" column="19" />
      </file>
      <file name="$USER_HOME$/code/BookBooks/app/main/__init__.py" timestamp="1536398440046">
        <mark key="[" line="4" column="27" />
        <mark key="]" line="4" column="27" />
        <mark key="^" line="4" column="27" />
        <mark key="." line="4" column="27" />
      </file>
      <file name="/a.dummy" timestamp="1549447087340">
        <mark key="[" line="0" column="0" />
      </file>
      <file name="D:/code/notebook/python/GCD.py" timestamp="1547603951500">
        <mark key="'" line="0" column="0" />
      </file>
      <file name="$USER_HOME$/code/javal/week4/ext/src/DVD.java" timestamp="1536845943814">
        <mark key="'" line="16" column="35" />
        <mark key="[" line="16" column="39" />
        <mark key="]" line="16" column="40" />
        <mark key="." line="16" column="40" />
        <mark key="^" line="16" column="40" />
      </file>
      <file name="$USER_HOME$/code/WechatGameAutoPlayer/README.md" timestamp="1536591872963">
        <mark key="'" line="58" column="3" />
        <mark key="[" line="52" column="29" />
        <mark key="]" line="52" column="31" />
        <mark key="." line="52" column="31" />
        <mark key="^" line="52" column="31" />
      </file>
      <file name="$USER_HOME$/code/autologin/readfree/config.py" timestamp="1551430190420">
        <mark key="[" line="5" column="17" />
        <mark key="]" line="5" column="17" />
        <mark key="." line="5" column="17" />
        <mark key="^" line="4" column="13" />
      </file>
      <file name="D:/Desktop/ML/ee369/online_train.py" timestamp="1547263622623">
        <mark key="'" line="22" column="0" />
        <mark key="[" line="25" column="0" />
        <mark key="]" line="26" column="74" />
        <mark key="^" line="8" column="66" />
        <mark key="." line="8" column="66" />
      </file>
      <file name="$USER_HOME$/code/helloelectsys/js/util.js" timestamp="1551104032979">
        <mark key="'" line="29" column="0" />
        <mark key="[" line="0" column="0" />
        <mark key="]" line="0" column="0" />
        <mark key="." line="0" column="0" />
      </file>
      <file name="$USER_HOME$/code/ee369-2048-ai/webapp.py" timestamp="1551539847853">
        <mark key="'" line="43" column="19" />
        <mark key="[" line="41" column="1" />
        <mark key="]" line="41" column="2" />
        <mark key="^" line="41" column="2" />
        <mark key="." line="41" column="2" />
      </file>
      <file name="D:/code/notebook/python/类的多态继承.py" timestamp="1547604940349">
        <mark key="[" line="42" column="16" />
        <mark key="]" line="42" column="21" />
        <mark key="^" line="42" column="21" />
        <mark key="." line="42" column="21" />
      </file>
      <file name="$USER_HOME$/code/BookBooks/legacy.py" timestamp="1536399324254">
        <mark key="[" line="0" column="0" />
        <mark key="]" line="121" column="13" />
        <mark key="^" line="0" column="5" />
        <mark key="." line="0" column="0" />
      </file>
      <file name="D:/code/CS902-FINAL-project/spider_of_data2.py" timestamp="1549448866166">
        <mark key="'" line="4" column="16" />
        <mark key="[" line="9" column="0" />
        <mark key="]" line="9" column="17" />
        <mark key="." line="9" column="0" />
        <mark key="^" line="29" column="5" />
      </file>
      <file name="$USER_HOME$/code/HelloElectsys/popup/popup.html" timestamp="1536470719485">
        <mark key="'" line="48" column="75" />
        <mark key="[" line="50" column="76" />
        <mark key="]" line="50" column="75" />
        <mark key="." line="50" column="75" />
        <mark key="^" line="50" column="75" />
      </file>
      <file name="$USER_HOME$/code/javal/week5/ext/src/DVD.java" timestamp="1537085007476">
        <mark key="'" line="0" column="0" />
        <mark key="[" line="0" column="0" />
        <mark key="]" line="18" column="1" />
        <mark key="." line="15" column="7" />
        <mark key="^" line="15" column="7" />
      </file>
      <file name="$USER_HOME$/code/OnlineCharge/templates/book.html" timestamp="1536311693456">
        <mark key="'" line="2" column="0" />
        <mark key="[" line="2" column="0" />
        <mark key="]" line="6" column="13" />
        <mark key="^" line="1" column="0" />
        <mark key="." line="2" column="0" />
      </file>
      <file name="D:/Desktop/ML/ee369/util.py" timestamp="1547263436439">
        <mark key="[" line="0" column="18" />
        <mark key="]" line="1" column="33" />
        <mark key="." line="1" column="33" />
        <mark key="^" line="1" column="33" />
      </file>
      <file name="$USER_HOME$/code/BookBooks/bookbooks.py" timestamp="1536399974358">
        <mark key="'" line="4" column="6" />
        <mark key="[" line="2" column="32" />
        <mark key="]" line="2" column="31" />
        <mark key="." line="2" column="31" />
        <mark key="^" line="2" column="31" />
      </file>
      <file name="$USER_HOME$/code/BookBooks/config.py" timestamp="1536399756375">
        <mark key="'" line="32" column="0" />
        <mark key="[" line="32" column="0" />
        <mark key="]" line="37" column="0" />
        <mark key="." line="24" column="0" />
        <mark key="^" line="28" column="36" />
      </file>
      <file name="D:/Desktop/ML/ee369/test.py" timestamp="1547270104195">
        <mark key="'" line="4" column="29" />
        <mark key="[" line="18" column="38" />
        <mark key="]" line="19" column="13" />
        <mark key="^" line="19" column="13" />
        <mark key="." line="19" column="13" />
      </file>
      <file name="D:/code/HelloElectsys/js/lesson.js" timestamp="1548929622773">
        <mark key="'" line="51" column="9" />
        <mark key="[" line="72" column="0" />
        <mark key="]" line="72" column="0" />
        <mark key="." line="72" column="0" />
      </file>
      <file name="$USER_HOME$/code/ee369-2048-ai/online2048.py" timestamp="1551582599662">
        <mark key="'" line="52" column="11" />
        <mark key="[" line="45" column="23" />
        <mark key="]" line="46" column="18" />
        <mark key="^" line="46" column="18" />
        <mark key="." line="46" column="18" />
      </file>
      <file name="$USER_HOME$/code/javal/week4/homework/src/Database.java" timestamp="1536848773231">
        <mark key="[" line="20" column="0" />
        <mark key="]" line="20" column="0" />
        <mark key="." line="20" column="0" />
        <mark key="^" line="18" column="44" />
      </file>
      <file name="D:/code/CS902-FINAL-project/spider of data1.py" timestamp="1549436364194">
        <mark key="'" line="20" column="0" />
        <mark key="[" line="71" column="19" />
        <mark key="]" line="71" column="24" />
        <mark key="." line="71" column="24" />
        <mark key="^" line="85" column="29" />
      </file>
      <file name="$USER_HOME$/code/javal/week2/homework/src/Display.java" timestamp="1536844884830">
        <mark key="'" line="0" column="13" />
        <mark key="[" line="18" column="0" />
        <mark key="]" line="18" column="0" />
        <mark key="." line="18" column="0" />
        <mark key="^" line="1" column="9" />
      </file>
      <file name="$USER_HOME$/code/helloelectsys/js/content.js" timestamp="1551105436312">
        <mark key="'" line="590" column="8" />
        <mark key="^" line="365" column="74" />
      </file>
      <file name="$USER_HOME$/code/codenotes/leetcode/wwf.py" timestamp="1536811903493">
        <mark key="'" line="23" column="0" />
      </file>
      <file name="$USER_HOME$/code/helloelectsys/manifest.json" timestamp="1551103943874">
        <mark key="[" line="25" column="26" />
        <mark key="]" line="26" column="18" />
        <mark key="^" line="26" column="18" />
        <mark key="." line="26" column="18" />
      </file>
      <file name="$USER_HOME$/code/OnlineCharge/templates/index.html" timestamp="1536373029359">
        <mark key="[" line="4" column="40" />
        <mark key="]" line="4" column="28" />
        <mark key="." line="4" column="43" />
        <mark key="^" line="4" column="28" />
      </file>
      <file name="$USER_HOME$/code/OnlineCharge/templates/base.html" timestamp="1536371840430">
        <mark key="[" line="34" column="0" />
        <mark key="]" line="34" column="0" />
        <mark key="^" line="34" column="0" />
        <mark key="." line="34" column="0" />
      </file>
      <file name="$USER_HOME$/code/ee369-2048-ai/task/agents.py" timestamp="1551580908698">
        <mark key="[" line="42" column="0" />
        <mark key="]" line="43" column="57" />
      </file>
      <file name="$USER_HOME$/code/javal/week4/homework/src/MP3.java" timestamp="1536848882306">
        <mark key="[" line="13" column="0" />
        <mark key="]" line="13" column="0" />
        <mark key="^" line="11" column="38" />
        <mark key="." line="13" column="0" />
      </file>
      <file name="D:/code/CS902-FINAL-project/spider_of_data1.py" timestamp="1549447978754">
        <mark key="'" line="69" column="9" />
        <mark key="[" line="52" column="0" />
        <mark key="]" line="52" column="13" />
        <mark key="." line="52" column="0" />
        <mark key="^" line="28" column="13" />
      </file>
      <file name="D:/code/VueLearning/test.html" timestamp="1547714113024">
        <mark key="[" line="13" column="0" />
        <mark key="]" line="13" column="35" />
        <mark key="." line="13" column="35" />
        <mark key="^" line="9" column="17" />
      </file>
      <file name="D:/Applications/Python36/Lib/tkinter/filedialog.py" timestamp="1549260701646">
        <mark key="'" line="371" column="4" />
      </file>
      <file name="/" timestamp="1547714006930">
        <mark key="[" line="0" column="0" />
      </file>
      <file name="D:/Desktop/ML/ee369/webapp.py" timestamp="1547263819767">
        <mark key="[" line="45" column="46" />
        <mark key="]" line="45" column="46" />
        <mark key="." line="45" column="46" />
        <mark key="^" line="45" column="47" />
      </file>
      <file name="$USER_HOME$/code/javal/src/Main.java" timestamp="1536562113332">
        <mark key="[" line="0" column="13" />
        <mark key="]" line="0" column="26" />
        <mark key="." line="0" column="26" />
        <mark key="^" line="0" column="26" />
      </file>
      <file name="$USER_HOME$/code/BookBooks/config2.py" timestamp="1536390424006">
        <mark key="'" line="2" column="14" />
        <mark key="[" line="8" column="0" />
        <mark key="]" line="8" column="0" />
        <mark key="." line="8" column="0" />
        <mark key="^" line="0" column="8" />
      </file>
      <file name="D:/Desktop/ML/ee369/evaluate.py" timestamp="1547263836170">
        <mark key="'" line="33" column="20" />
      </file>
      <file name="D:/Desktop/ML/ee369/model.py" timestamp="1547262940860">
        <mark key="'" line="43" column="3" />
        <mark key="[" line="6" column="16" />
        <mark key="]" line="6" column="16" />
        <mark key="^" line="7" column="37" />
        <mark key="." line="6" column="16" />
      </file>
      <file name="D:/code/HelloElectsys/content.js" timestamp="1548946694045">
        <mark key="[" line="93" column="0" />
        <mark key="]" line="93" column="8" />
        <mark key="." line="93" column="8" />
      </file>
      <file name="D:/code/notebook/JavaScript模式.md" timestamp="1547650841294">
        <mark key="'" line="336" column="3" />
        <mark key="[" line="396" column="12" />
        <mark key="]" line="398" column="14" />
        <mark key="^" line="398" column="14" />
        <mark key="." line="398" column="14" />
      </file>
      <file name="$USER_HOME$/code/javal/week4/ext/src/Item.java" timestamp="1537024117924">
        <mark key="'" line="22" column="16" />
        <mark key="[" line="23" column="36" />
        <mark key="]" line="23" column="37" />
        <mark key="." line="23" column="37" />
        <mark key="^" line="23" column="37" />
      </file>
      <file name="$USER_HOME$/code/autologin/test.html" timestamp="1551411735712">
        <mark key="'" line="15" column="15" />
      </file>
      <file name="D:/code/acg-videos-detector/content.js" timestamp="1549015268513">
        <mark key="'" line="91" column="37" />
        <mark key="[" line="47" column="0" />
        <mark key="]" line="47" column="0" />
        <mark key="." line="47" column="0" />
      </file>
      <file name="D:/code/CS902-FINAL-project/spider of data0.py" timestamp="1549432846373">
        <mark key="'" line="14" column="0" />
        <mark key="[" line="7" column="0" />
        <mark key="]" line="7" column="36" />
      </file>
      <file name="$USER_HOME$/code/autologin/readfree/readfree.py" timestamp="1551430172743">
        <mark key="'" line="65" column="20" />
        <mark key="j" line="92" column="0" />
        <mark key="[" line="110" column="15" />
        <mark key="m" line="106" column="9" />
        <mark key="]" line="110" column="21" />
        <mark key="^" line="110" column="21" />
        <mark key="." line="110" column="21" />
      </file>
      <file name="$USER_HOME$/code/javal/week1/homework/src/Main.java" timestamp="1536656216098">
        <mark key="[" line="42" column="0" />
        <mark key="]" line="42" column="0" />
        <mark key="^" line="42" column="28" />
        <mark key="." line="42" column="0" />
      </file>
      <file name="$USER_HOME$/code/javal/week3/homework/src/Distance.java" timestamp="1536813435779">
        <mark key="'" line="26" column="21" />
        <mark key="[" line="10" column="43" />
        <mark key="]" line="11" column="7" />
        <mark key="." line="11" column="7" />
        <mark key="^" line="11" column="7" />
      </file>
      <file name="D:/code/2048-api/game2048/agents.py" timestamp="1549014785055">
        <mark key="'" line="47" column="8" />
        <mark key="[" line="49" column="0" />
        <mark key="]" line="49" column="0" />
        <mark key="." line="49" column="0" />
      </file>
      <file name="$USER_HOME$/code/WechatGameAutoPlayer/util.py" timestamp="1536591282991">
        <mark key="'" line="71" column="37" />
        <mark key="[" line="75" column="21" />
        <mark key="]" line="75" column="21" />
        <mark key="." line="75" column="21" />
        <mark key="^" line="75" column="21" />
      </file>
      <file name="$USER_HOME$/code/WechatGameAutoPlayer/autoplay.py" timestamp="1536590697473">
        <mark key="'" line="11" column="24" />
        <mark key="[" line="29" column="0" />
        <mark key="]" line="29" column="0" />
        <mark key="." line="29" column="0" />
        <mark key="^" line="3" column="15" />
      </file>
      <file name="$USER_HOME$/code/OnlineCharge/config.py" timestamp="1536329493314">
        <mark key="'" line="5" column="39" />
        <mark key="[" line="6" column="77" />
        <mark key="]" line="7" column="37" />
        <mark key="." line="7" column="37" />
        <mark key="^" line="7" column="37" />
      </file>
      <file name="$USER_HOME$/code/helloelectsys/HelloElectsys-master/js/lesson.js" timestamp="1551102542591">
        <mark key="[" line="480" column="0" />
        <mark key="]" line="660" column="1" />
        <mark key="." line="480" column="0" />
      </file>
      <file name="$USER_HOME$/code/javal/week5/ext/src/GAME.java" timestamp="1537085237974">
        <mark key="'" line="7" column="13" />
        <mark key="[" line="17" column="27" />
        <mark key="]" line="17" column="34" />
        <mark key="." line="17" column="34" />
        <mark key="^" line="17" column="34" />
      </file>
      <file name="$USER_HOME$/code/BookBooks/app/main/views.py" timestamp="1536399188950">
        <mark key="'" line="51" column="49" />
        <mark key="[" line="17" column="49" />
        <mark key="]" line="17" column="49" />
        <mark key="." line="17" column="49" />
        <mark key="^" line="17" column="49" />
      </file>
      <file name="$USER_HOME$/code/OnlineCharge/online_charge.py" timestamp="1536385241652">
        <mark key="[" line="24" column="18" />
        <mark key="]" line="24" column="18" />
        <mark key="." line="24" column="18" />
        <mark key="^" line="24" column="18" />
      </file>
      <file name="$USER_HOME$/code/javal/week3/ext/src/coin.java" timestamp="1536745628807">
        <mark key="[" line="0" column="19" />
        <mark key="]" line="2" column="7" />
        <mark key="^" line="2" column="7" />
        <mark key="." line="2" column="7" />
      </file>
      <file name="D:/Desktop/ML/ee369/planning.py" timestamp="1547247724584">
        <mark key="'" line="18" column="0" />
        <mark key="[" line="14" column="6" />
        <mark key="]" line="14" column="25" />
        <mark key="." line="14" column="25" />
        <mark key="^" line="51" column="12" />
      </file>
      <file name="$USER_HOME$/code/javal/week6/castle/src/castle/Game.java" timestamp="1537085824235">
        <mark key="'" line="92" column="24" />
      </file>
      <file name="$USER_HOME$/code/WechatGameAutoPlayer/config.py" timestamp="1536590217330">
        <mark key="[" line="1" column="13" />
        <mark key="]" line="1" column="14" />
        <mark key="^" line="1" column="14" />
        <mark key="." line="1" column="14" />
      </file>
      <file name="$USER_HOME$/code/javal/week5/ext/src/CD.java" timestamp="1537084649480">
        <mark key="[" line="24" column="35" />
        <mark key="]" line="24" column="36" />
        <mark key="." line="24" column="36" />
        <mark key="^" line="24" column="35" />
      </file>
      <file name="$USER_HOME$/.local/lib/python3.6/site-packages/requests/sessions.py" timestamp="1551413004628">
        <mark key="'" line="220" column="55" />
        <mark key="[" line="245" column="20" />
        <mark key="]" line="245" column="40" />
      </file>
      <file name="/JavaScript Console" timestamp="1549011290880">
        <mark key="[" line="0" column="0" />
      </file>
      <file name="$USER_HOME$/code/BookBooks/app/__init__.py" timestamp="1536399255589">
        <mark key="'" line="14" column="21" />
        <mark key="[" line="3" column="25" />
        <mark key="]" line="3" column="24" />
        <mark key="." line="3" column="24" />
        <mark key="^" line="3" column="24" />
      </file>
      <file name="$USER_HOME$/code/javal/src/VendingMachine.java" timestamp="1536566641561">
        <mark key="'" line="41" column="33" />
        <mark key="[" line="10" column="13" />
        <mark key="]" line="10" column="14" />
        <mark key="." line="10" column="14" />
        <mark key="^" line="10" column="14" />
      </file>
      <file name="D:/Desktop/ML/ee369/offline_train.py" timestamp="1547263632272">
        <mark key="'" line="71" column="41" />
        <mark key="[" line="9" column="68" />
        <mark key="]" line="10" column="28" />
        <mark key="." line="10" column="28" />
        <mark key="^" line="10" column="28" />
      </file>
      <file name="$USER_HOME$/code/javal/week1/ext/src/VendingMachine.java" timestamp="1536671348584">
        <mark key="'" line="43" column="0" />
      </file>
      <file name="/Dummy.txt" timestamp="1551345561261">
        <mark key="[" line="0" column="0" />
        <mark key="]" line="0" column="5" />
        <mark key="^" line="0" column="5" />
        <mark key="." line="0" column="5" />
      </file>
      <file name="$USER_HOME$/code/javal/week5/ext/src/Game.java" timestamp="1537085035663">
        <mark key="[" line="3" column="11" />
        <mark key="]" line="3" column="14" />
        <mark key="." line="3" column="14" />
        <mark key="^" line="3" column="14" />
      </file>
      <file name="$USER_HOME$/code/OnlineCharge/templates/signup.html" timestamp="1536329771182">
        <mark key="[" line="3" column="17" />
        <mark key="]" line="3" column="5" />
        <mark key="." line="3" column="5" />
        <mark key="^" line="3" column="5" />
      </file>
      <file name="$USER_HOME$/code/autologin/sjtu-aixinwu/config.py" timestamp="1551430253943">
        <mark key="[" line="2" column="17" />
        <mark key="]" line="2" column="26" />
        <mark key="." line="2" column="26" />
        <mark key="^" line="2" column="26" />
      </file>
      <file name="$USER_HOME$/code/ee369-2048-ai/game2048/game.py" timestamp="1551582559948">
        <mark key="'" line="84" column="16" />
      </file>
      <file name="$USER_HOME$/code/javal/week2/ext/Clock.java" timestamp="1536655404425">
        <mark key="'" line="7" column="22" />
        <mark key="[" line="0" column="0" />
        <mark key="]" line="0" column="0" />
        <mark key="^" line="17" column="21" />
        <mark key="." line="0" column="0" />
      </file>
      <file name="D:/code/wordplayer/wpui.py" timestamp="1549500461583">
        <mark key="'" line="28" column="62" />
        <mark key="[" line="325" column="0" />
        <mark key="]" line="325" column="0" />
        <mark key="^" line="332" column="60" />
        <mark key="." line="325" column="0" />
      </file>
      <file name="D:/code/CS902-FINAL-project/spider1.py" timestamp="1549447878482">
        <mark key="[" line="10" column="0" />
        <mark key="]" line="10" column="60" />
      </file>
      <file name="E:/Applications/Python35/Lib/site-packages/wtforms/fields/core.py" timestamp="1536395060291">
        <mark key="'" line="431" column="62" />
        <mark key="[" line="700" column="7" />
        <mark key="]" line="700" column="6" />
        <mark key="." line="700" column="6" />
        <mark key="^" line="700" column="6" />
      </file>
      <file name="$USER_HOME$/code/OnlineCharge/templates/404.html" timestamp="1536287069791">
        <mark key="'" line="0" column="0" />
        <mark key="[" line="9" column="0" />
        <mark key="]" line="9" column="0" />
        <mark key="." line="9" column="0" />
        <mark key="^" line="8" column="12" />
      </file>
      <file name="D:/Desktop/ML/ee369/my_agents.py" timestamp="1547263723385">
        <mark key="'" line="8" column="38" />
        <mark key="[" line="28" column="59" />
        <mark key="]" line="29" column="23" />
        <mark key="." line="29" column="23" />
        <mark key="^" line="29" column="23" />
      </file>
      <file name="$USER_HOME$/code/codenotes/leetcode/test.py" timestamp="1536756985836">
        <mark key="'" line="23" column="17" />
        <mark key="[" line="0" column="0" />
        <mark key="]" line="0" column="0" />
        <mark key="^" line="34" column="35" />
        <mark key="." line="0" column="0" />
      </file>
      <file name="$USER_HOME$/code/javal/week1/homework/src/Fraction.java" timestamp="1536568119196">
        <mark key="[" line="15" column="1" />
        <mark key="]" line="15" column="0" />
        <mark key="." line="15" column="0" />
        <mark key="^" line="15" column="0" />
      </file>
      <file name="$USER_HOME$/code/flasky/flasky.py" timestamp="1536400194281">
        <mark key="'" line="41" column="18" />
        <mark key="[" line="20" column="4" />
        <mark key="]" line="17" column="6" />
        <mark key="^" line="17" column="6" />
        <mark key="." line="17" column="6" />
      </file>
      <file name="$USER_HOME$/code/OnlineCharge/templates/login.html" timestamp="1536372876156">
        <mark key="'" line="0" column="0" />
        <mark key="[" line="12" column="0" />
        <mark key="]" line="12" column="0" />
        <mark key="." line="12" column="0" />
        <mark key="^" line="14" column="19" />
      </file>
      <file name="$USER_HOME$/code/BookBooks/app/models.py" timestamp="1536399230075">
        <mark key="[" line="0" column="0" />
        <mark key="]" line="0" column="15" />
        <mark key="." line="0" column="15" />
        <mark key="^" line="0" column="15" />
      </file>
      <file name="D:/code/wordplayer/login.py" timestamp="1549259488789">
        <mark key="'" line="94" column="2" />
        <mark key="[" line="114" column="0" />
        <mark key="]" line="114" column="0" />
        <mark key="." line="114" column="0" />
        <mark key="^" line="114" column="5" />
      </file>
      <file name="$USER_HOME$/code/javal/week2/homework/src/Clock.java" timestamp="1536844877819">
        <mark key="'" line="1" column="12" />
        <mark key="[" line="30" column="0" />
        <mark key="]" line="30" column="0" />
        <mark key="." line="30" column="0" />
        <mark key="^" line="8" column="24" />
      </file>
      <file name="$USER_HOME$/code/javal/week3/ext/src/NoteBook.java" timestamp="1536744878866">
        <mark key="'" line="39" column="8" />
        <mark key="[" line="44" column="24" />
        <mark key="]" line="46" column="31" />
        <mark key="." line="46" column="31" />
        <mark key="^" line="46" column="31" />
      </file>
      <file name="/fragment.java" timestamp="1547713976988">
        <mark key="[" line="0" column="0" />
      </file>
      <file name="D:/code/CS902-FINAL-project/spider of data2.py" timestamp="1549447057320">
        <mark key="'" line="14" column="0" />
        <mark key="[" line="6" column="0" />
        <mark key="]" line="7" column="0" />
        <mark key="^" line="7" column="6" />
        <mark key="." line="5" column="29" />
      </file>
    </filemarks>
    <jumps>
      <jump line="29" column="8" filename="$USER_HOME$/code/helloelectsys/js/util.js" />
      <jump line="14" column="2" filename="$USER_HOME$/code/helloelectsys/js/util.js" />
      <jump line="0" column="0" filename="$USER_HOME$/code/helloelectsys/js/util.js" />
      <jump line="30" column="0" filename="$USER_HOME$/code/helloelectsys/js/util.js" />
      <jump line="409" column="9" filename="$USER_HOME$/code/helloelectsys/js/content.js" />
      <jump line="210" column="14" filename="$USER_HOME$/code/helloelectsys/js/content.js" />
      <jump line="237" column="26" filename="$USER_HOME$/code/helloelectsys/js/content.js" />
      <jump line="286" column="20" filename="$USER_HOME$/code/helloelectsys/js/content.js" />
      <jump line="289" column="20" filename="$USER_HOME$/code/helloelectsys/js/content.js" />
      <jump line="370" column="8" filename="$USER_HOME$/code/helloelectsys/js/content.js" />
      <jump line="99" column="8" filename="$USER_HOME$/code/helloelectsys/js/content.js" />
      <jump line="456" column="22" filename="$USER_HOME$/code/helloelectsys/js/content.js" />
      <jump line="475" column="12" filename="$USER_HOME$/code/helloelectsys/js/content.js" />
      <jump line="486" column="8" filename="$USER_HOME$/code/helloelectsys/js/content.js" />
      <jump line="596" column="8" filename="$USER_HOME$/code/helloelectsys/js/content.js" />
      <jump line="608" column="8" filename="$USER_HOME$/code/helloelectsys/js/content.js" />
      <jump line="638" column="0" filename="$USER_HOME$/code/helloelectsys/js/content.js" />
      <jump line="645" column="4" filename="$USER_HOME$/code/helloelectsys/js/content.js" />
      <jump line="652" column="4" filename="$USER_HOME$/code/helloelectsys/js/content.js" />
      <jump line="659" column="4" filename="$USER_HOME$/code/helloelectsys/js/content.js" />
      <jump line="87" column="8" filename="$USER_HOME$/code/helloelectsys/js/content.js" />
      <jump line="97" column="0" filename="$USER_HOME$/code/helloelectsys/js/content.js" />
      <jump line="366" column="38" filename="$USER_HOME$/code/helloelectsys/js/content.js" />
      <jump line="602" column="8" filename="$USER_HOME$/code/helloelectsys/js/content.js" />
      <jump line="639" column="4" filename="$USER_HOME$/code/helloelectsys/js/content.js" />
      <jump line="646" column="4" filename="$USER_HOME$/code/helloelectsys/js/content.js" />
      <jump line="653" column="4" filename="$USER_HOME$/code/helloelectsys/js/content.js" />
      <jump line="31" column="45" filename="$USER_HOME$/code/helloelectsys/js/content.js" />
      <jump line="86" column="38" filename="$USER_HOME$/code/helloelectsys/js/content.js" />
      <jump line="96" column="27" filename="$USER_HOME$/code/helloelectsys/js/content.js" />
      <jump line="154" column="54" filename="$USER_HOME$/code/helloelectsys/js/content.js" />
      <jump line="182" column="8" filename="$USER_HOME$/code/helloelectsys/js/content.js" />
      <jump line="222" column="20" filename="$USER_HOME$/code/helloelectsys/js/content.js" />
      <jump line="225" column="20" filename="$USER_HOME$/code/helloelectsys/js/content.js" />
      <jump line="230" column="20" filename="$USER_HOME$/code/helloelectsys/js/content.js" />
      <jump line="233" column="20" filename="$USER_HOME$/code/helloelectsys/js/content.js" />
      <jump line="278" column="16" filename="$USER_HOME$/code/helloelectsys/js/content.js" />
      <jump line="282" column="20" filename="$USER_HOME$/code/helloelectsys/js/content.js" />
      <jump line="285" column="20" filename="$USER_HOME$/code/helloelectsys/js/content.js" />
      <jump line="365" column="68" filename="$USER_HOME$/code/helloelectsys/js/content.js" />
      <jump line="418" column="8" filename="$USER_HOME$/code/helloelectsys/js/content.js" />
      <jump line="469" column="12" filename="$USER_HOME$/code/helloelectsys/js/content.js" />
      <jump line="480" column="8" filename="$USER_HOME$/code/helloelectsys/js/content.js" />
      <jump line="590" column="8" filename="$USER_HOME$/code/helloelectsys/js/content.js" />
      <jump line="97" column="16" filename="$USER_HOME$/code/autologin/readfree/readfree.py" />
      <jump line="23" column="15" filename="$USER_HOME$/code/autologin/test.html" />
      <jump line="0" column="0" filename="$USER_HOME$/code/autologin/test.html" />
      <jump line="15" column="15" filename="$USER_HOME$/code/autologin/test.html" />
      <jump line="582" column="38" filename="$USER_HOME$/.local/lib/python3.6/site-packages/requests/sessions.py" />
      <jump line="634" column="38" filename="$USER_HOME$/.local/lib/python3.6/site-packages/requests/sessions.py" />
      <jump line="666" column="31" filename="$USER_HOME$/.local/lib/python3.6/site-packages/requests/sessions.py" />
      <jump line="667" column="44" filename="$USER_HOME$/.local/lib/python3.6/site-packages/requests/sessions.py" />
      <jump line="678" column="15" filename="$USER_HOME$/.local/lib/python3.6/site-packages/requests/sessions.py" />
      <jump line="123" column="24" filename="$USER_HOME$/.local/lib/python3.6/site-packages/requests/sessions.py" />
      <jump line="126" column="15" filename="$USER_HOME$/.local/lib/python3.6/site-packages/requests/sessions.py" />
      <jump line="182" column="57" filename="$USER_HOME$/.local/lib/python3.6/site-packages/requests/sessions.py" />
      <jump line="220" column="55" filename="$USER_HOME$/.local/lib/python3.6/site-packages/requests/sessions.py" />
      <jump line="83" column="0" filename="$USER_HOME$/code/autologin/readfree/readfree.py" />
      <jump line="84" column="34" filename="$USER_HOME$/code/autologin/readfree/readfree.py" />
      <jump line="6" column="0" filename="$USER_HOME$/code/autologin/readfree/readfree.py" />
      <jump line="86" column="41" filename="$USER_HOME$/code/autologin/readfree/readfree.py" />
      <jump line="25" column="23" filename="$USER_HOME$/code/autologin/readfree/readfree.py" />
      <jump line="52" column="4" filename="$USER_HOME$/code/autologin/readfree/readfree.py" />
      <jump line="62" column="22" filename="$USER_HOME$/code/autologin/readfree/readfree.py" />
      <jump line="68" column="4" filename="$USER_HOME$/code/autologin/readfree/readfree.py" />
      <jump line="107" column="19" filename="$USER_HOME$/code/autologin/readfree/readfree.py" />
      <jump line="20" column="33" filename="$USER_HOME$/code/autologin/readfree/readfree.py" />
      <jump line="18" column="0" filename="$USER_HOME$/code/autologin/readfree/readfree.py" />
      <jump line="89" column="41" filename="$USER_HOME$/code/autologin/readfree/readfree.py" />
      <jump line="22" column="34" filename="$USER_HOME$/code/autologin/readfree/readfree.py" />
      <jump line="0" column="0" filename="$USER_HOME$/code/autologin/readfree/readfree.py" />
      <jump line="29" column="28" filename="$USER_HOME$/code/autologin/readfree/readfree.py" />
      <jump line="90" column="15" filename="$USER_HOME$/code/autologin/readfree/readfree.py" />
      <jump line="23" column="22" filename="$USER_HOME$/code/autologin/readfree/readfree.py" />
      <jump line="13" column="27" filename="$USER_HOME$/code/autologin/readfree/readfree.py" />
      <jump line="79" column="4" filename="$USER_HOME$/code/autologin/readfree/readfree.py" />
      <jump line="99" column="9" filename="$USER_HOME$/code/autologin/readfree/readfree.py" />
      <jump line="103" column="8" filename="$USER_HOME$/code/autologin/readfree/readfree.py" />
      <jump line="48" column="44" filename="$USER_HOME$/code/autologin/readfree/readfree.py" />
      <jump line="100" column="12" filename="$USER_HOME$/code/autologin/readfree/readfree.py" />
      <jump line="55" column="38" filename="$USER_HOME$/code/autologin/readfree/readfree.py" />
      <jump line="56" column="12" filename="$USER_HOME$/code/autologin/readfree/readfree.py" />
      <jump line="59" column="20" filename="$USER_HOME$/code/autologin/readfree/readfree.py" />
      <jump line="65" column="20" filename="$USER_HOME$/code/autologin/readfree/readfree.py" />
      <jump line="43" column="19" filename="$USER_HOME$/code/ee369-2048-ai/webapp.py" />
      <jump line="2" column="14" filename="$USER_HOME$/code/ee369-2048-ai/online2048.py" />
      <jump line="29" column="0" filename="$USER_HOME$/code/ee369-2048-ai/online2048.py" />
      <jump line="28" column="0" filename="$USER_HOME$/code/ee369-2048-ai/online2048.py" />
      <jump line="35" column="16" filename="$USER_HOME$/code/ee369-2048-ai/online2048.py" />
      <jump line="23" column="4" filename="$USER_HOME$/code/ee369-2048-ai/online2048.py" />
      <jump line="14" column="0" filename="$USER_HOME$/code/ee369-2048-ai/online2048.py" />
      <jump line="19" column="35" filename="$USER_HOME$/code/ee369-2048-ai/online2048.py" />
      <jump line="27" column="56" filename="$USER_HOME$/code/ee369-2048-ai/online2048.py" />
      <jump line="33" column="24" filename="$USER_HOME$/code/ee369-2048-ai/online2048.py" />
      <jump line="40" column="16" filename="$USER_HOME$/code/ee369-2048-ai/game2048/game.py" />
      <jump line="109" column="39" filename="$USER_HOME$/code/ee369-2048-ai/game2048/game.py" />
      <jump line="86" column="21" filename="$USER_HOME$/code/ee369-2048-ai/game2048/game.py" />
      <jump line="84" column="16" filename="$USER_HOME$/code/ee369-2048-ai/game2048/game.py" />
      <jump line="44" column="4" filename="$USER_HOME$/code/ee369-2048-ai/online2048.py" />
      <jump line="52" column="11" filename="$USER_HOME$/code/ee369-2048-ai/online2048.py" />
    </jumps>
    <registers>
      <register name="a" type="4">
        <text />
      </register>
      <register name="&quot;" type="2">
        <text encoding="base64">ICAgIC4uLgo=</text>
      </register>
      <register name="-" type="4">
        <text>][</text>
      </register>
      <register name="/" type="4">
        <text encoding="base64">XDxnYW1lX292ZXJcPg==</text>
      </register>
      <register name="0" type="2">
        <text encoding="base64">ICAgIGVsZW1zID0gYnJvd3Nlci5maW5kX2VsZW1lbnRzX2J5X2NsYXNzX25hbWUoInRpbGUiKQogICAgZm9yIGkgaW4gZWxlbXM6CiAgICAgICAgYXR0cnMgPSBpLmdldF9hdHRyaWJ1dGUoImNsYXNzIikKICAgICAgICAuLi4KCg==</text>
      </register>
      <register name="1" type="2">
        <text encoding="base64">ICAgIC4uLgo=</text>
      </register>
      <register name="q" type="4">
        <text />
      </register>
      <register name="2" type="2">
        <text encoding="base64">Cg==</text>
      </register>
      <register name="3" type="2">
        <text encoding="base64">ICAgICAgICAuLi4K</text>
      </register>
      <register name="4" type="2">
        <text encoding="base64">ICAgIGJvYXJkID0gW10K</text>
      </register>
      <register name="5" type="2">
        <text encoding="base64">ICAgICAgICB4cG9zID0gcmUuZmluZGFsbChyJ3Bvc3QnKQo=</text>
      </register>
      <register name="6" type="2">
        <text encoding="base64">ICAgICAgICAK</text>
      </register>
      <register name="7" type="2">
        <text encoding="base64">Cg==</text>
      </register>
      <register name="w" type="4">
        <keys>
          <key char="119" code="0" mods="0" />
          <key char="119" code="0" mods="0" />
          <key char="65535" code="93" mods="130" />
        </keys>
      </register>
      <register name="8" type="2">
        <text encoding="base64">ICAgICAgICBtb2RlbF9wYXRoCg==</text>
      </register>
      <register name="9" type="2">
        <text encoding="base64">ICAgICAgICBwbGF5KCkK</text>
      </register>
      <register name=":" type="4">
        <text>%s//end/g</text>
      </register>
    </registers>
    <search>
      <last-search encoding="base64">XDxnYW1lX292ZXJcPg==</last-search>
      <last-offset />
      <last-pattern encoding="base64">XDxnYW1lX292ZXJcPg==</last-pattern>
      <last-replace>end</last-replace>
      <last-substitute encoding="base64">XDxnYW1lX292ZXJcPg==</last-substitute>
      <last-dir>1</last-dir>
      <show-last>true</show-last>
    </search>
    <history>
      <history-search>
        <entry>成功</entry>
        <entry>self.word</entry>
        <entry>word1</entry>
        <entry encoding="base64">XDxmbmFtZVw+</entry>
        <entry>fname</entry>
        <entry>lexicon</entry>
        <entry>d15</entry>
        <entry>quit</entry>
        <entry>destroy</entry>
        <entry encoding="base64">XDx1c2Vyc0luZm9cPg==</entry>
        <entry encoding="base64">XDxmb2N1c1w+</entry>
        <entry encoding="base64">XDzvv73vv73Roe+/ve+/ve+/vcS877+9XD4=</entry>
        <entry>command</entry>
        <entry>return 0</entry>
        <entry>return</entry>
        <entry>allow</entry>
        <entry>login</entry>
        <entry>head</entry>
        <entry>urlen</entry>
        <entry>form_da</entry>
        <entry>zeros</entry>
        <entry encoding="base64">XDxnYW1lX292ZXJcPg==</entry>
      </history-search>
      <history-cmd>
        <entry>%s/self.lb1/lbox/g</entry>
        <entry>%s/self.lb2/lbox/g</entry>
        <entry>%s/self.top4/top/g</entry>
        <entry>w</entry>
        <entry>%s//未选择文件/g</entry>
        <entry>so ~/.ideavimrc</entry>
        <entry encoding="base64">bWFwIDxjLXc+</entry>
        <entry>pwd</entry>
        <entry>echo pwd</entry>
        <entry>bn</entry>
        <entry>534</entry>
        <entry>515</entry>
        <entry>487</entry>
        <entry>567</entry>
        <entry>190</entry>
        <entry>%s//return/g</entry>
        <entry>gt</entry>
        <entry>bnext</entry>
        <entry>source ~/.ideavimrcd</entry>
        <entry>source ~/.ideavimrc</entry>
        <entry>q</entry>
        <entry>%s//end/g</entry>
      </history-cmd>
      <history-expr />
      <history-input />
    </history>
    <shortcut-conflicts>
      <shortcut-conflict owner="vim">
        <text>ctrl pressed W</text>
      </shortcut-conflict>
      <shortcut-conflict owner="vim">
        <text>ctrl pressed Y</text>
      </shortcut-conflict>
      <shortcut-conflict owner="vim">
        <text>ctrl pressed R</text>
      </shortcut-conflict>
      <shortcut-conflict owner="vim">
        <text>ctrl pressed D</text>
      </shortcut-conflict>
      <shortcut-conflict owner="ide">
        <text>ctrl pressed S</text>
      </shortcut-conflict>
      <shortcut-conflict owner="ide">
        <text>ctrl pressed O</text>
      </shortcut-conflict>
      <shortcut-conflict owner="vim">
        <text>ctrl pressed V</text>
      </shortcut-conflict>
      <shortcut-conflict owner="vim">
        <text>ctrl pressed A</text>
      </shortcut-conflict>
      <shortcut-conflict owner="ide">
        <text>ctrl pressed B</text>
      </shortcut-conflict>
      <shortcut-conflict owner="vim">
        <text>ctrl pressed N</text>
      </shortcut-conflict>
      <shortcut-conflict owner="ide">
        <text>ctrl pressed C</text>
      </shortcut-conflict>
      <shortcut-conflict owner="vim">
        <text>ctrl pressed K</text>
      </shortcut-conflict>
      <shortcut-conflict owner="vim">
        <text>ctrl pressed J</text>
      </shortcut-conflict>
      <shortcut-conflict owner="vim">
        <text>ctrl pressed U</text>
      </shortcut-conflict>
      <shortcut-conflict owner="ide">
        <text>ctrl pressed L</text>
      </shortcut-conflict>
      <shortcut-conflict owner="vim">
        <text>ctrl pressed E</text>
      </shortcut-conflict>
      <shortcut-conflict owner="ide">
        <text>ctrl pressed H</text>
      </shortcut-conflict>
      <shortcut-conflict owner="ide">
        <text>ctrl pressed I</text>
      </shortcut-conflict>
      <shortcut-conflict owner="vim">
        <text>ctrl pressed P</text>
      </shortcut-conflict>
      <shortcut-conflict owner="vim">
        <text>pressed F12</text>
      </shortcut-conflict>
      <shortcut-conflict owner="vim">
        <text>ctrl pressed CLOSE_BRACKET</text>
      </shortcut-conflict>
      <shortcut-conflict owner="ide">
        <text>ctrl pressed F</text>
      </shortcut-conflict>
      <shortcut-conflict owner="vim">
        <text>ctrl pressed X</text>
      </shortcut-conflict>
    </shortcut-conflicts>
  </component>
</application>